Site_ID,z,area_m,volume_m3
JA-SW,0,1,0
JA-SW,0.01,4,0.060439147949225
JA-SW,0.02,11,0.3496386718749953
JA-SW,0.03,20,0.9428649902343977
JA-SW,0.04,26,1.586039581298806
JA-SW,0.05,33,2.508299255371117
JA-SW,0.06,42,3.873944778442329
JA-SW,0.07,48,5.111483917236342
JA-SW,0.08,53,6.368974914550691
JA-SW,0.09,69,9.703410110473623
JA-SW,0.1,78,12.145306396484486
JA-SW,0.11,92,15.93981277465815
JA-SW,0.12,97,18.042620315551854
JA-SW,0.13,109,22.068475646972548
JA-SW,0.14,119,25.90288177490241
JA-SW,0.15,130,30.35814476013165
JA-SW,0.16,151,38.285074386596705
JA-SW,0.17,165,44.49459724426298
JA-SW,0.18,176,50.04498832702632
JA-SW,0.19,198,60.06090270996119
JA-SW,0.2,214,68.36292152404769
JA-SW,0.21,236,79.63808876037618
JA-SW,0.22,256,90.69296867370576
JA-SW,0.23,286,106.89279678344738
JA-SW,0.24,310,121.16918220519972
JA-SW,0.25,348,143.09571075439453
JA-SW,0.26,389,167.69114364624085
JA-SW,0.27,432,194.58944000244122
JA-SW,0.28,481,226.1178395080572
JA-SW,0.29,522,254.5372704315181
JA-SW,0.3,552,277.5751110076908
JA-SW,0.31,575,297.25097656249926
JA-SW,0.32,608,323.9487825012209
JA-SW,0.33,631,345.08274314880265
JA-SW,0.34,676,381.7258451843261
JA-SW,0.35000000000000003,708,410.7314670562754
JA-SW,0.36,725,429.9746456146236
JA-SW,0.37,743,450.43841186523514
JA-SW,0.38,747,460.89174972534107
JA-SW,0.39,751,471.4517485046391
JA-SW,0.4,754,481.3398471832265
JA-SW,0.41000000000000003,754,488.87984718322764
JA-SW,0.42,754,496.41984718322885
JA-SW,0.43,754,503.95984718322734
JA-SW,0.44,754,511.4998471832285
JA-SW,0.45,754,519.039847183227
JA-SW,0.46,754,526.5798471832281
JA-SW,0.47000000000000003,754,534.1198471832267
JA-SW,0.48,754,541.6598471832278
JA-SW,0.49,754,549.1998471832263
JA-SW,0.5,754,556.7398471832275
JA-SW,0.51,754,564.2798471832288
JA-SW,0.52,754,571.8198471832272
JA-SW,0.53,754,579.3598471832283
JA-SW,0.54,754,586.8998471832269
JA-SW,0.55,754,594.439847183228
JA-SW,0.56,754,601.9798471832265
JA-SW,0.5700000000000001,754,609.5198471832277
JA-SW,0.58,754,617.0598471832262
JA-SW,0.59,754,624.5998471832274
JA-SW,0.6,754,632.1398471832287
JA-SW,0.61,754,639.6798471832271
JA-SW,0.62,754,647.2198471832282
JA-SW,0.63,754,654.7598471832268
JA-SW,0.64,754,662.2998471832279
JA-SW,0.65,754,669.8398471832264
JA-SW,0.66,754,677.3798471832276
JA-SW,0.67,754,684.9198471832289
JA-SW,0.68,754,692.4598471832273
JA-SW,0.6900000000000001,754,699.9998471832286
JA-SW,0.7000000000000001,754,707.539847183227
JA-SW,0.71,754,715.0798471832281
JA-SW,0.72,754,722.6198471832267
JA-SW,0.73,754,730.1598471832278
JA-SW,0.74,754,737.6998471832263
JA-SW,0.75,754,745.2398471832275
JA-SW,0.76,754,752.7798471832288
JA-SW,0.77,754,760.3198471832272
JA-SW,0.78,754,767.8598471832283
JA-SW,0.79,754,775.3998471832269
JA-SW,0.8,754,782.939847183228
JA-SW,0.81,754,790.4798471832265
JA-SW,0.8200000000000001,754,798.0198471832277
JA-SW,0.8300000000000001,754,805.5598471832262
JA-SW,0.84,754,813.0998471832274
JA-SW,0.85,754,820.6398471832287
JA-SW,0.86,754,828.1798471832271
JA-SW,0.87,754,835.7198471832282
JA-SW,0.88,754,843.2598471832268
JA-SW,0.89,754,850.7998471832279
JA-SW,0.9,754,858.3398471832264
JA-SW,0.91,754,865.8798471832276
JA-SW,0.92,754,873.4198471832289
JA-SW,0.93,754,880.9598471832273
JA-SW,0.9400000000000001,754,888.4998471832286
JA-SW,0.9500000000000001,754,896.039847183227
JA-SW,0.96,754,903.5798471832281
JA-SW,0.97,754,911.1198471832267
JA-SW,0.98,754,918.6598471832278
JA-SW,0.99,754,926.1998471832263
JA-SW,1,754,933.7398471832275
JA-SW,1.01,754,941.2798471832288
JA-SW,1.02,754,948.8198471832272
JA-SW,1.03,754,956.3598471832283
JA-SW,1.04,754,963.8998471832269
JA-SW,1.05,754,971.439847183228
JA-SW,1.06,754,978.9798471832265
JA-SW,1.07,754,986.5198471832277
JA-SW,1.08,754,994.0598471832262
JA-SW,1.09,754,1001.5998471832274
JA-SW,1.1,754,1009.1398471832287
JA-SW,1.11,754,1016.6798471832271
JA-SW,1.12,754,1024.2198471832282
JA-SW,1.1300000000000001,754,1031.7598471832268
JA-SW,1.1400000000000001,754,1039.299847183228
JA-SW,1.1500000000000001,754,1046.8398471832265
JA-SW,1.16,754,1054.3798471832276
JA-SW,1.17,754,1061.9198471832287
JA-SW,1.18,754,1069.4598471832273
JA-SW,1.19,754,1076.9998471832284
JA-SW,1.2,754,1084.539847183227
JA-SW,1.21,754,1092.0798471832281
JA-SW,1.22,754,1099.6198471832267
JA-SW,1.23,754,1107.1598471832278
JA-SW,1.24,754,1114.6998471832264
JA-SW,1.25,754,1122.2398471832275
JC-SW,0,1,0
JC-SW,0.01,3,0.03816345214844219
JC-SW,0.02,6,0.17413818359374744
JC-SW,0.03,12,0.5642465209961074
JC-SW,0.04,26,1.7323389434814231
JC-SW,0.05,65,5.710666656494187
JC-SW,0.06,150,16.187673568725394
JC-SW,0.07,277,34.86657585144051
JC-SW,0.08,422,60.11399627685475
JC-SW,0.09,581,92.11596397399894
JC-SW,0.1,727,126.38806076049909
JC-SW,0.11,854,160.97987884521436
JC-SW,0.12,954,192.97477958679295
JC-SW,0.13,1030,221.8679546356191
JC-SW,0.14,1091,248.89688514709536
JC-SW,0.15,1133,272.1707717895492
JC-SW,0.16,1171,295.4973291015627
JC-SW,0.17,1198,316.2505456542989
JC-SW,0.18,1239,342.8161997985836
JC-SW,0.19,1282,371.34818847656413
JC-SW,0.2,1313,396.4047351837149
JC-SW,0.21,1344,422.38286231994744
JC-SW,0.22,1390,455.8738162994369
JC-SW,0.23,1424,485.2502474975592
JC-SW,0.24,1475,523.7265167236305
JC-SW,0.25,1529,565.2564907073975
JC-SW,0.26,1591,612.4603520965601
JC-SW,0.27,1652,661.035414733886
JC-SW,0.28,1703,705.8809622192402
JC-SW,0.29,1752,751.0900193023667
JC-SW,0.3,1803,798.9617294311536
JC-SW,0.31,1872,859.4277499389625
JC-SW,0.32,1926,912.4118731689458
JC-SW,0.33,1975,963.7518749237026
JC-SW,0.34,2022,1015.2051987457272
JC-SW,0.35000000000000003,2075,1072.257749557498
JC-SW,0.36,2124,1128.0691076660144
JC-SW,0.37,2162,1177.2058653259298
JC-SW,0.38,2223,1244.932272186277
JC-SW,0.39,2272,1305.1473561096204
JC-SW,0.4,2315,1362.0775337219206
JC-SW,0.41000000000000003,2358,1420.2744152832036
JC-SW,0.42,2418,1493.9201989746134
JC-SW,0.43,2468,1560.8454534912103
JC-SW,0.44,2504,1617.01780296326
JC-SW,0.45,2551,1684.1477252960187
JC-SW,0.46,2609,1762.7200609588645
JC-SW,0.47000000000000003,2653,1829.960760269162
JC-SW,0.48,2716,1916.6548821258557
JC-SW,0.49,2772,1998.4119198608355
JC-SW,0.5,2836,2089.8158416748047
JC-SW,0.51,2888,2170.964928512578
JC-SW,0.52,2962,2276.4342653655995
JC-SW,0.53,3033,2380.9342615509067
JC-SW,0.54,3109,2492.9551309204076
JC-SW,0.55,3185,2607.2663040161156
JC-SW,0.56,3246,2707.1146905517535
JC-SW,0.5700000000000001,3335,2840.607276153565
JC-SW,0.58,3400,2949.008016586298
JC-SW,0.59,3457,3049.9616822052
JC-SW,0.6,3527,3168.1630908966113
JC-SW,0.61,3560,3243.518155670164
JC-SW,0.62,3600,3328.4815864563025
JC-SW,0.63,3633,3405.898446121212
JC-SW,0.64,3658,3474.090756530764
JC-SW,0.65,3677,3535.253544616694
JC-SW,0.66,3684,3581.2222780609136
JC-SW,0.67,3693,3630.0578160858217
JC-SW,0.68,3697,3672.4139737701407
JC-SW,0.6900000000000001,3698,3710.7555361938525
JC-SW,0.7000000000000001,3699,3749.1305912017797
JC-SW,0.71,3701,3788.9505967712435
JC-SW,0.72,3701,3825.960596771236
JC-SW,0.73,3702,3864.425921401979
JC-SW,0.74,3702,3901.4459214019716
JC-SW,0.75,3702,3938.4659214019775
JC-SW,0.76,3702,3975.4859214019834
JC-SW,0.77,3702,4012.505921401976
JC-SW,0.78,3702,4049.5259214019816
JC-SW,0.79,3702,4086.5459214019743
JC-SW,0.8,3702,4123.56592140198
JC-SW,0.81,3702,4160.585921401973
JC-SW,0.8200000000000001,3702,4197.605921401979
JC-SW,0.8300000000000001,3702,4234.625921401971
JC-SW,0.84,3702,4271.645921401977
JC-SW,0.85,3702,4308.665921401983
JC-SW,0.86,3702,4345.685921401975
JC-SW,0.87,3702,4382.705921401981
JC-SW,0.88,3702,4419.725921401974
JC-SW,0.89,3702,4456.74592140198
JC-SW,0.9,3702,4493.765921401972
JC-SW,0.91,3702,4530.785921401978
JC-SW,0.92,3702,4567.805921401984
JC-SW,0.93,3702,4604.825921401976
JC-SW,0.9400000000000001,3702,4641.845921401982
JC-SW,0.9500000000000001,3702,4678.865921401975
JC-SW,0.96,3702,4715.88592140198
JC-SW,0.97,3702,4752.9059214019735
JC-SW,0.98,3702,4789.925921401979
JC-SW,0.99,3702,4826.945921401972
JC-SW,1,3702,4863.9659214019775
JC-SW,1.01,3702,4900.985921401983
JC-SW,1.02,3702,4938.005921401976
JC-SW,1.03,3702,4975.025921401982
JC-SW,1.04,3702,5012.045921401975
JC-SW,1.05,3702,5049.06592140198
JC-SW,1.06,3702,5086.085921401973
JC-SW,1.07,3702,5123.105921401979
JC-SW,1.08,3702,5160.125921401971
JC-SW,1.09,3702,5197.145921401977
JC-SW,1.1,3702,5234.165921401983
JC-SW,1.11,3702,5271.185921401975
JC-SW,1.12,3702,5308.205921401981
JC-SW,1.1300000000000001,3702,5345.225921401974
JC-SW,1.1400000000000001,3702,5382.24592140198
JC-SW,1.1500000000000001,3702,5419.265921401972
JC-SW,1.16,3702,5456.285921401978
JC-SW,1.17,3702,5493.305921401984
JC-SW,1.18,3702,5530.325921401976
JC-SW,1.19,3702,5567.345921401982
JC-SW,1.2,3702,5604.365921401975
JC-SW,1.21,3702,5641.38592140198
JC-SW,1.22,3702,5678.4059214019735
JC-SW,1.23,3702,5715.425921401979
JC-SW,1.24,3702,5752.445921401972
JC-SW,1.25,3702,5789.4659214019775
JB-SW,0,1,0
JB-SW,0.01,3,0.03816345214844219
JB-SW,0.02,6,0.17413818359374744
JB-SW,0.03,12,0.5642465209961074
JB-SW,0.04,26,1.7323389434814231
JB-SW,0.05,65,5.710666656494187
JB-SW,0.06,150,16.187673568725394
JB-SW,0.07,277,34.86657585144051
JB-SW,0.08,422,60.11399627685475
JB-SW,0.09,581,92.11596397399894
JB-SW,0.1,727,126.38806076049909
JB-SW,0.11,854,160.97987884521436
JB-SW,0.12,954,192.97477958679295
JB-SW,0.13,1030,221.8679546356191
JB-SW,0.14,1091,248.89688514709536
JB-SW,0.15,1133,272.1707717895492
JB-SW,0.16,1171,295.4973291015627
JB-SW,0.17,1198,316.2505456542989
JB-SW,0.18,1239,342.8161997985836
JB-SW,0.19,1282,371.34818847656413
JB-SW,0.2,1313,396.4047351837149
JB-SW,0.21,1344,422.38286231994744
JB-SW,0.22,1390,455.8738162994369
JB-SW,0.23,1424,485.2502474975592
JB-SW,0.24,1475,523.7265167236305
JB-SW,0.25,1529,565.2564907073975
JB-SW,0.26,1591,612.4603520965601
JB-SW,0.27,1652,661.035414733886
JB-SW,0.28,1703,705.8809622192402
JB-SW,0.29,1752,751.0900193023667
JB-SW,0.3,1803,798.9617294311536
JB-SW,0.31,1872,859.4277499389625
JB-SW,0.32,1926,912.4118731689458
JB-SW,0.33,1975,963.7518749237026
JB-SW,0.34,2022,1015.2051987457272
JB-SW,0.35000000000000003,2075,1072.257749557498
JB-SW,0.36,2124,1128.0691076660144
JB-SW,0.37,2162,1177.2058653259298
JB-SW,0.38,2223,1244.932272186277
JB-SW,0.39,2272,1305.1473561096204
JB-SW,0.4,2315,1362.0775337219206
JB-SW,0.41000000000000003,2358,1420.2744152832036
JB-SW,0.42,2418,1493.9201989746134
JB-SW,0.43,2468,1560.8454534912103
JB-SW,0.44,2504,1617.01780296326
JB-SW,0.45,2551,1684.1477252960187
JB-SW,0.46,2609,1762.7200609588645
JB-SW,0.47000000000000003,2653,1829.960760269162
JB-SW,0.48,2716,1916.6548821258557
JB-SW,0.49,2772,1998.4119198608355
JB-SW,0.5,2836,2089.8158416748047
JB-SW,0.51,2888,2170.964928512578
JB-SW,0.52,2962,2276.4342653655995
JB-SW,0.53,3033,2380.9342615509067
JB-SW,0.54,3109,2492.9551309204076
JB-SW,0.55,3185,2607.2663040161156
JB-SW,0.56,3246,2707.1146905517535
JB-SW,0.5700000000000001,3335,2840.607276153565
JB-SW,0.58,3400,2949.008016586298
JB-SW,0.59,3457,3049.9616822052
JB-SW,0.6,3527,3168.1630908966113
JB-SW,0.61,3560,3243.518155670164
JB-SW,0.62,3600,3328.4815864563025
JB-SW,0.63,3633,3405.898446121212
JB-SW,0.64,3658,3474.090756530764
JB-SW,0.65,3677,3535.253544616694
JB-SW,0.66,3684,3581.2222780609136
JB-SW,0.67,3693,3630.0578160858217
JB-SW,0.68,3697,3672.4139737701407
JB-SW,0.6900000000000001,3698,3710.7555361938525
JB-SW,0.7000000000000001,3699,3749.1305912017797
JB-SW,0.71,3701,3788.9505967712435
JB-SW,0.72,3701,3825.960596771236
JB-SW,0.73,3702,3864.425921401979
JB-SW,0.74,3702,3901.4459214019716
JB-SW,0.75,3702,3938.4659214019775
JB-SW,0.76,3702,3975.4859214019834
JB-SW,0.77,3702,4012.505921401976
JB-SW,0.78,3702,4049.5259214019816
JB-SW,0.79,3702,4086.5459214019743
JB-SW,0.8,3702,4123.56592140198
JB-SW,0.81,3702,4160.585921401973
JB-SW,0.8200000000000001,3702,4197.605921401979
JB-SW,0.8300000000000001,3702,4234.625921401971
JB-SW,0.84,3702,4271.645921401977
JB-SW,0.85,3702,4308.665921401983
JB-SW,0.86,3702,4345.685921401975
JB-SW,0.87,3702,4382.705921401981
JB-SW,0.88,3702,4419.725921401974
JB-SW,0.89,3702,4456.74592140198
JB-SW,0.9,3702,4493.765921401972
JB-SW,0.91,3702,4530.785921401978
JB-SW,0.92,3702,4567.805921401984
JB-SW,0.93,3702,4604.825921401976
JB-SW,0.9400000000000001,3702,4641.845921401982
JB-SW,0.9500000000000001,3702,4678.865921401975
JB-SW,0.96,3702,4715.88592140198
JB-SW,0.97,3702,4752.9059214019735
JB-SW,0.98,3702,4789.925921401979
JB-SW,0.99,3702,4826.945921401972
JB-SW,1,3702,4863.9659214019775
JB-SW,1.01,3702,4900.985921401983
JB-SW,1.02,3702,4938.005921401976
JB-SW,1.03,3702,4975.025921401982
JB-SW,1.04,3702,5012.045921401975
JB-SW,1.05,3702,5049.06592140198
JB-SW,1.06,3702,5086.085921401973
JB-SW,1.07,3702,5123.105921401979
JB-SW,1.08,3702,5160.125921401971
JB-SW,1.09,3702,5197.145921401977
JB-SW,1.1,3702,5234.165921401983
JB-SW,1.11,3702,5271.185921401975
JB-SW,1.12,3702,5308.205921401981
JB-SW,1.1300000000000001,3702,5345.225921401974
JB-SW,1.1400000000000001,3702,5382.24592140198
JB-SW,1.1500000000000001,3702,5419.265921401972
JB-SW,1.16,3702,5456.285921401978
JB-SW,1.17,3702,5493.305921401984
JB-SW,1.18,3702,5530.325921401976
JB-SW,1.19,3702,5567.345921401982
JB-SW,1.2,3702,5604.365921401975
JB-SW,1.21,3702,5641.38592140198
JB-SW,1.22,3702,5678.4059214019735
JB-SW,1.23,3702,5715.425921401979
JB-SW,1.24,3702,5752.445921401972
JB-SW,1.25,3702,5789.4659214019775
NB-SW,0,1,0
NB-SW,0.01,4,0.05637077331543594
NB-SW,0.02,9,0.27792709350585554
NB-SW,0.03,13,0.587233200073257
NB-SW,0.04,24,1.5461072540282998
NB-SW,0.05,31,2.4382522583008033
NB-SW,0.06,36,3.330104980468704
NB-SW,0.07,47,5.166571655273451
NB-SW,0.08,52,6.41011444091788
NB-SW,0.09,61,8.508590927124015
NB-SW,0.1,66,10.098701095581148
NB-SW,0.11,75,12.688470840454059
NB-SW,0.12,82,15.078941192627035
NB-SW,0.13,89,17.678806610107333
NB-SW,0.14,94,19.936103973388725
NB-SW,0.15,110,25.58358192443832
NB-SW,0.16,125,31.416034698486346
NB-SW,0.17,136,36.35611068725609
NB-SW,0.18,156,44.830291824340776
NB-SW,0.19,178,54.64676506042503
NB-SW,0.2,192,61.96609725952135
NB-SW,0.21,211,71.77665382385271
NB-SW,0.22,229,81.69668090820286
NB-SW,0.23,240,89.00217742919932
NB-SW,0.24,253,97.57233116149862
NB-SW,0.25,269,108.02627754211426
NB-SW,0.26,285,118.96374282836959
NB-SW,0.27,302,130.90803436279285
NB-SW,0.28,320,143.92410621643103
NB-SW,0.29,340,158.643102264404
NB-SW,0.3,363,175.71561470031764
NB-SW,0.31,384,192.27220443725537
NB-SW,0.32,404,208.81381347656261
NB-SW,0.33,423,225.3049600982659
NB-SW,0.34,440,241.01566276550287
NB-SW,0.35000000000000003,454,255.1430152893073
NB-SW,0.36,468,269.6754498291013
NB-SW,0.37,474,278.7593048858647
NB-SW,0.38,485,291.79779510497997
NB-SW,0.39,494,303.61688819885285
NB-SW,0.4,502,314.91082649230884
NB-SW,0.41000000000000003,508,324.81968811035165
NB-SW,0.42,513,334.0613183593759
NB-SW,0.43,517,342.6141744232176
NB-SW,0.44,518,348.6569060516364
NB-SW,0.45,521,356.52867050170863
NB-SW,0.46,522,362.6561633300786
NB-SW,0.47000000000000003,523,368.8091817474359
NB-SW,0.48,524,374.99002601623556
NB-SW,0.49,524,380.23002601623455
NB-SW,0.5,525,386.4613628387451
NB-SW,0.51,525,391.7113628387459
NB-SW,0.52,525,396.9613628387449
NB-SW,0.53,525,402.2113628387457
NB-SW,0.54,525,407.46136283874466
NB-SW,0.55,525,412.7113628387455
NB-SW,0.56,525,417.96136283874444
NB-SW,0.5700000000000001,525,423.2113628387453
NB-SW,0.58,525,428.4613628387442
NB-SW,0.59,525,433.71136283874506
NB-SW,0.6,525,438.96136283874586
NB-SW,0.61,525,444.21136283874483
NB-SW,0.62,525,449.46136283874563
NB-SW,0.63,525,454.7113628387446
NB-SW,0.64,525,459.9613628387454
NB-SW,0.65,525,465.2113628387444
NB-SW,0.66,525,470.4613628387452
NB-SW,0.67,525,475.711362838746
NB-SW,0.68,525,480.96136283874495
NB-SW,0.6900000000000001,525,486.2113628387458
NB-SW,0.7000000000000001,525,491.4613628387447
NB-SW,0.71,525,496.7113628387456
NB-SW,0.72,525,501.96136283874455
NB-SW,0.73,525,507.21136283874534
NB-SW,0.74,525,512.4613628387443
NB-SW,0.75,525,517.7113628387451
NB-SW,0.76,525,522.9613628387459
NB-SW,0.77,525,528.2113628387449
NB-SW,0.78,525,533.4613628387457
NB-SW,0.79,525,538.7113628387447
NB-SW,0.8,525,543.9613628387455
NB-SW,0.81,525,549.2113628387444
NB-SW,0.8200000000000001,525,554.4613628387452
NB-SW,0.8300000000000001,525,559.7113628387442
NB-SW,0.84,525,564.961362838745
NB-SW,0.85,525,570.2113628387459
NB-SW,0.86,525,575.4613628387448
NB-SW,0.87,525,580.7113628387457
NB-SW,0.88,525,585.9613628387445
NB-SW,0.89,525,591.2113628387455
NB-SW,0.9,525,596.4613628387443
NB-SW,0.91,525,601.7113628387452
NB-SW,0.92,525,606.961362838746
NB-SW,0.93,525,612.211362838745
NB-SW,0.9400000000000001,525,617.4613628387458
NB-SW,0.9500000000000001,525,622.7113628387448
NB-SW,0.96,525,627.9613628387456
NB-SW,0.97,525,633.2113628387445
NB-SW,0.98,525,638.4613628387453
NB-SW,0.99,525,643.7113628387443
NB-SW,1,525,648.9613628387451
NB-SW,1.01,525,654.2113628387459
NB-SW,1.02,525,659.4613628387449
NB-SW,1.03,525,664.7113628387457
NB-SW,1.04,525,669.9613628387447
NB-SW,1.05,525,675.2113628387455
NB-SW,1.06,525,680.4613628387444
NB-SW,1.07,525,685.7113628387452
NB-SW,1.08,525,690.9613628387442
NB-SW,1.09,525,696.211362838745
NB-SW,1.1,525,701.4613628387459
NB-SW,1.11,525,706.7113628387448
NB-SW,1.12,525,711.9613628387457
NB-SW,1.1300000000000001,525,717.2113628387445
NB-SW,1.1400000000000001,525,722.4613628387455
NB-SW,1.1500000000000001,525,727.7113628387443
NB-SW,1.16,525,732.9613628387452
NB-SW,1.17,525,738.211362838746
NB-SW,1.18,525,743.461362838745
NB-SW,1.19,525,748.7113628387458
NB-SW,1.2,525,753.9613628387448
NB-SW,1.21,525,759.2113628387456
NB-SW,1.22,525,764.4613628387445
NB-SW,1.23,525,769.7113628387453
NB-SW,1.24,525,774.9613628387443
NB-SW,1.25,525,780.2113628387451
TA-SW,0,1,0
TA-SW,0.01,2,0.021932144165038636
TA-SW,0.02,8,0.25946346282958643
TA-SW,0.03,15,0.7304355621337795
TA-SW,0.04,20,1.2593658447265454
TA-SW,0.05,25,1.9381618499756037
TA-SW,0.06,32,2.9823226165771644
TA-SW,0.07,36,3.8444686126709087
TA-SW,0.08,42,5.128555641174319
TA-SW,0.09,53,7.475543518066399
TA-SW,0.1,67,10.732552719116187
TA-SW,0.11,77,13.536780090331987
TA-SW,0.12,92,17.833630599975514
TA-SW,0.13,105,22.079339408874596
TA-SW,0.14,123,28.09548542022712
TA-SW,0.15,143,35.24680633544927
TA-SW,0.16,157,41.0884000015259
TA-SW,0.17,172,47.69139503479003
TA-SW,0.18,189,55.44884540557856
TA-SW,0.19,208,64.47607662200917
TA-SW,0.2,227,74.03654899597151
TA-SW,0.21,238,80.90263317108175
TA-SW,0.22,251,88.95185062408449
TA-SW,0.23,268,99.18890155792248
TA-SW,0.24,275,105.19979763030989
TA-SW,0.25,289,114.86281681060791
TA-SW,0.26,299,122.90967010498075
TA-SW,0.27,320,137.09893360137926
TA-SW,0.28,330,145.8688520431521
TA-SW,0.29,342,156.07643287658664
TA-SW,0.3,353,166.04909744262721
TA-SW,0.31,367,178.19951679229698
TA-SW,0.32,382,191.38248657226575
TA-SW,0.33,402,208.29792514800963
TA-SW,0.34,413,219.7336835098266
TA-SW,0.35000000000000003,424,231.51443710327206
TA-SW,0.36,433,242.17504203796364
TA-SW,0.37,448,257.54037834167525
TA-SW,0.38,468,277.1075991058345
TA-SW,0.39,476,287.9972721481326
TA-SW,0.4,482,297.5263269424432
TA-SW,0.41000000000000003,496,313.75859867095954
TA-SW,0.42,511,331.24316894531336
TA-SW,0.43,523,346.61575378417956
TA-SW,0.44,538,364.95705005645823
TA-SW,0.45,555,385.5676898956295
TA-SW,0.46,565,400.2600311279302
TA-SW,0.47000000000000003,574,414.3211920547479
TA-SW,0.48,583,428.6673773193362
TA-SW,0.49,595,446.20201759338283
TA-SW,0.5,612,469.06234073638916
TA-SW,0.51,625,488.4045085906992
TA-SW,0.52,643,513.263038024902
TA-SW,0.53,660,537.6284864425667
TA-SW,0.54,674,559.2938289260859
TA-SW,0.55,687,580.2671829223638
TA-SW,0.56,700,601.6508646011343
TA-SW,0.5700000000000001,710,620.0046426773073
TA-SW,0.58,723,642.1259230041492
TA-SW,0.59,741,670.5174879455566
TA-SW,0.6,753,692.2698734283458
TA-SW,0.61,765,714.3656562805171
TA-SW,0.62,776,735.607254142762
TA-SW,0.63,789,759.6640780639641
TA-SW,0.64,799,780.3007978057866
TA-SW,0.65,808,799.9515478134144
TA-SW,0.66,820,823.808256340027
TA-SW,0.67,832,848.0301250839248
TA-SW,0.68,841,868.540202026367
TA-SW,0.6900000000000001,854,894.8353850936901
TA-SW,0.7000000000000001,864,917.3306463241571
TA-SW,0.71,879,947.1903875732429
TA-SW,0.72,889,970.323766784667
TA-SW,0.73,897,990.8554158782963
TA-SW,0.74,908,1016.0484093856797
TA-SW,0.75,917,1038.577507019043
TA-SW,0.76,930,1067.445403862001
TA-SW,0.77,940,1092.1116598129267
TA-SW,0.78,949,1115.5032565307629
TA-SW,0.79,959,1140.7422536468498
TA-SW,0.8,973,1172.661198043824
TA-SW,0.81,980,1193.6902654647815
TA-SW,0.8200000000000001,991,1221.4728652191166
TA-SW,0.8300000000000001,1003,1251.2385523223859
TA-SW,0.84,1008,1269.6388127517698
TA-SW,0.85,1016,1293.2818914413467
TA-SW,0.86,1034,1334.3096763992303
TA-SW,0.87,1040,1355.0545518875133
TA-SW,0.88,1054,1390.0275788497913
TA-SW,0.89,1066,1421.8754913711555
TA-SW,0.9,1072,1443.301635551451
TA-SW,0.91,1083,1473.974829940796
TA-SW,0.92,1099,1514.1794129180928
TA-SW,0.93,1110,1545.5685174942014
TA-SW,0.9400000000000001,1122,1579.1675936508193
TA-SW,0.9500000000000001,1131,1607.429726791381
TA-SW,0.96,1141,1637.8784440612803
TA-SW,0.97,1152,1670.5810703659045
TA-SW,0.98,1164,1705.574351997376
TA-SW,0.99,1179,1746.8207501983625
TA-SW,1,1191,1782.5418891906738
TA-SW,1.01,1199,1810.5767481231708
TA-SW,1.02,1211,1846.9898345184322
TA-SW,1.03,1227,1891.9943891143812
TA-SW,1.04,1234,1918.7986892318715
TA-SW,1.05,1243,1949.9960979461678
TA-SW,1.06,1247,1970.8823226165755
TA-SW,1.07,1256,2002.555979652405
TA-SW,1.08,1260,2023.73086338043
TA-SW,1.09,1265,2047.2092224121093
TA-SW,1.1,1267,2064.2487194061296
TA-SW,1.11,1268,2079.137614707946
TA-SW,1.12,1269,2094.054549484254
TA-SW,1.1300000000000001,1270,2108.995922660826
TA-SW,1.1400000000000001,1272,2126.247820930482
TA-SW,1.1500000000000001,1272,2138.9678209304793
TA-SW,1.16,1272,2151.687820930481
TA-SW,1.17,1272,2164.407820930483
TA-SW,1.18,1272,2177.1278209304805
TA-SW,1.19,1272,2189.8478209304826
TA-SW,1.2,1272,2202.56782093048
TA-SW,1.21,1272,2215.287820930482
TA-SW,1.22,1272,2228.0078209304793
TA-SW,1.23,1272,2240.7278209304814
TA-SW,1.24,1272,2253.447820930479
TA-SW,1.25,1272,2266.167820930481
DB-SW,0,1,0
DB-SW,0.01,4,0.0545645141601554
DB-SW,0.02,7,0.19784606933593452
DB-SW,0.03,11,0.48548515319823515
DB-SW,0.04,14,0.8261142349243045
DB-SW,0.05,17,1.2539459228515746
DB-SW,0.06,19,1.6499563598632907
DB-SW,0.07,21,2.1080577087402403
DB-SW,0.08,23,2.630476799011232
DB-SW,0.09,27,3.55132358551025
DB-SW,0.1,31,4.608610725402821
DB-SW,0.11,34,5.559467544555645
DB-SW,0.12,38,6.8422504043578805
DB-SW,0.13,41,7.988158302307161
DB-SW,0.14,44,9.224381599426295
DB-SW,0.15,47,10.554452705383317
DB-SW,0.16,52,12.601175613403328
DB-SW,0.17,56,14.46214534759521
DB-SW,0.18,62,17.140656623840314
DB-SW,0.19,65,18.892873382568325
DB-SW,0.2,68,20.726008033752393
DB-SW,0.21,72,23.068185920715393
DB-SW,0.22,79,26.83485305786138
DB-SW,0.23,84,29.903637237548864
DB-SW,0.24,85,31.222381019592305
DB-SW,0.25,87,33.05683422088623
DB-SW,0.26,97,39.07943222045896
DB-SW,0.27,102,42.728139915466265
DB-SW,0.28,106,45.96393459320062
DB-SW,0.29,112,50.47305629730215
DB-SW,0.3,117,54.56083831787117
DB-SW,0.31,120,57.575719070434616
DB-SW,0.32,123,60.69153438568119
DB-SW,0.33,131,67.16811607360836
DB-SW,0.34,138,73.19845859527587
DB-SW,0.35000000000000003,145,79.43943595886236
DB-SW,0.36,148,83.02718761444083
DB-SW,0.37,152,87.45179580688477
DB-SW,0.38,158,93.48681549072263
DB-SW,0.39,162,98.15524070739755
DB-SW,0.4,172,107.72872524261462
DB-SW,0.41000000000000003,177,113.51474029541018
DB-SW,0.42,182,119.4492077255251
DB-SW,0.43,191,128.96061790466302
DB-SW,0.44,193,132.6201810073854
DB-SW,0.45,200,140.8106012344359
DB-SW,0.46,204,146.47476562500017
DB-SW,0.47000000000000003,208,152.26040626525864
DB-SW,0.48,210,156.2448413848878
DB-SW,0.49,218,166.1439107131955
DB-SW,0.5,224,174.30130672454834
DB-SW,0.51,239,191.77454627990755
DB-SW,0.52,242,197.2745130920409
DB-SW,0.53,247,204.97183815002467
DB-SW,0.54,255,216.03423614501932
DB-SW,0.55,257,220.7692771911623
DB-SW,0.56,262,228.91412422180144
DB-SW,0.5700000000000001,271,241.7469603729249
DB-SW,0.58,277,251.38421360015823
DB-SW,0.59,282,260.02570045471185
DB-SW,0.6,292,274.79532833099404
DB-SW,0.61,300,287.42459774017317
DB-SW,0.62,305,296.59641132354767
DB-SW,0.63,315,312.1957513809201
DB-SW,0.64,322,324.2729674148561
DB-SW,0.65,330,337.8628263473506
DB-SW,0.66,336,349.0415561294556
DB-SW,0.67,346,365.74352199554505
DB-SW,0.68,356,382.7595282363891
DB-SW,0.6900000000000001,360,391.81856288909955
DB-SW,0.7000000000000001,365,402.39120197296114
DB-SW,0.71,372,415.9447575759891
DB-SW,0.72,375,423.96963405609085
DB-SW,0.73,383,439.35303195953384
DB-SW,0.74,387,449.08633220672544
DB-SW,0.75,397,467.909556388855
DB-SW,0.76,406,485.5113578414923
DB-SW,0.77,414,501.8477251815794
DB-SW,0.78,427,526.197986183167
DB-SW,0.79,429,533.6224147415157
DB-SW,0.8,432,542.6942449569706
DB-SW,0.81,434,550.245290794372
DB-SW,0.8200000000000001,437,559.4915665054323
DB-SW,0.8300000000000001,442,572.1411155319206
DB-SW,0.84,447,584.9240927505492
DB-SW,0.85,457,606.3545648574835
DB-SW,0.86,461,617.7782249069211
DB-SW,0.87,468,634.5403529739384
DB-SW,0.88,471,644.4866690444942
DB-SW,0.89,479,663.3895850753787
DB-SW,0.9,486,680.7300447463982
DB-SW,0.91,490,692.8567060470582
DB-SW,0.92,493,703.259454307557
DB-SW,0.93,502,724.901272163391
DB-SW,0.9400000000000001,511,746.7983482742316
DB-SW,0.9500000000000001,517,763.2641576766964
DB-SW,0.96,523,779.9114809799199
DB-SW,0.97,528,794.8225890731806
DB-SW,0.98,533,809.8759315872195
DB-SW,0.99,541,831.0021961593619
DB-SW,1,547,848.3815813064575
DB-SW,1.01,552,863.9207120132455
DB-SW,1.02,555,875.536509132385
DB-SW,1.03,562,895.4766639328009
DB-SW,1.04,569,915.6213519668574
DB-SW,1.05,575,933.8851671218877
DB-SW,1.06,579,948.0877849960319
DB-SW,1.07,581,958.1411885452272
DB-SW,1.08,584,970.4122788619985
DB-SW,1.09,589,987.1255786514281
DB-SW,1.1,590,995.2057943344124
DB-SW,1.11,592,1005.536619300842
DB-SW,1.12,596,1020.3969197463995
DB-SW,1.1300000000000001,599,1033.112342948913
DB-SW,1.1400000000000001,600,1041.3744268417363
DB-SW,1.1500000000000001,601,1049.6670698165885
DB-SW,1.16,602,1057.9940999221803
DB-SW,1.17,603,1066.3462245559704
DB-SW,1.18,607,1081.7842452621458
DB-SW,1.19,607,1087.8542452621468
DB-SW,1.2,607,1093.9242452621456
DB-SW,1.21,607,1099.9942452621465
DB-SW,1.22,607,1106.0642452621453
DB-SW,1.23,607,1112.1342452621464
DB-SW,1.24,607,1118.2042452621452
DB-SW,1.25,607,1124.274245262146
TB-SW,0,1,0
TB-SW,0.01,1,0.009999999999999787
TB-SW,0.02,3,0.09411865234374872
TB-SW,0.03,6,0.28757541656493757
TB-SW,0.04,12,0.7998785781860249
TB-SW,0.05,23,1.9581970214843913
TB-SW,0.06,33,3.3302998352050945
TB-SW,0.07,37,4.206818428039561
TB-SW,0.08,44,5.665805358886722
TB-SW,0.09,49,6.987327728271477
TB-SW,0.1,58,9.231462287902811
TB-SW,0.11,66,11.521137008666955
TB-SW,0.12,74,14.046112899780216
TB-SW,0.13,83,17.07940582275397
TB-SW,0.14,94,20.939234886169487
TB-SW,0.15,106,25.41547050476078
TB-SW,0.16,111,28.05550170898439
TB-SW,0.17,119,31.843374710082998
TB-SW,0.18,131,37.28550823211666
TB-SW,0.19,150,45.72179031372063
TB-SW,0.2,173,56.30027256011951
TB-SW,0.21,192,65.93753177642839
TB-SW,0.22,206,73.96524936676039
TB-SW,0.23,231,87.41188228607187
TB-SW,0.24,251,99.24791835784917
TB-SW,0.25,272,112.15552520751953
TB-SW,0.26,297,127.74673244476313
TB-SW,0.27,313,139.24571491241443
TB-SW,0.28,330,151.81773796081524
TB-SW,0.29,346,164.30610069274871
TB-SW,0.3,363,177.87560119628932
TB-SW,0.31,385,195.04646167755124
TB-SW,0.32,402,209.68089164733897
TB-SW,0.33,421,226.13720005035367
TB-SW,0.34,438,241.80994216918938
TB-SW,0.35000000000000003,450,254.5484905242923
TB-SW,0.36,466,270.49650074005103
TB-SW,0.37,478,283.9637216186526
TB-SW,0.38,492,299.3063468551633
TB-SW,0.39,504,313.50046878814726
TB-SW,0.4,521,332.0595182418818
TB-SW,0.41000000000000003,540,352.75847187042245
TB-SW,0.42,561,375.7001353454598
TB-SW,0.43,584,400.9595624160765
TB-SW,0.44,595,416.42437915802066
TB-SW,0.45,612,437.5775159835811
TB-SW,0.46,638,467.5108313369756
TB-SW,0.47000000000000003,655,489.7947174072259
TB-SW,0.48,677,517.3464364624026
TB-SW,0.49,700,546.5361843109121
TB-SW,0.5,714,567.4665145874023
TB-SW,0.51,729,589.8276091003429
TB-SW,0.52,741,609.5126469802854
TB-SW,0.53,757,633.7982129669198
TB-SW,0.54,776,661.7928667449944
TB-SW,0.55,793,688.1868728637701
TB-SW,0.56,821,727.3416555023183
TB-SW,0.5700000000000001,838,754.8350860214235
TB-SW,0.58,853,780.5349943542466
TB-SW,0.59,866,804.3223690414427
TB-SW,0.6,887,838.0935546875013
TB-SW,0.61,905,868.8347919464106
TB-SW,0.62,925,902.5881233215341
TB-SW,0.63,946,938.1733355331412
TB-SW,0.64,965,971.852927780152
TB-SW,0.65,993,1017.7750331878648
TB-SW,0.66,1017,1059.2789199066165
TB-SW,0.67,1039,1098.8261669921892
TB-SW,0.68,1076,1159.3649012374874
TB-SW,0.6900000000000001,1101,1204.4723600769057
TB-SW,0.7000000000000001,1130,1255.9518613815299
TB-SW,0.71,1167,1319.6070101928722
TB-SW,0.72,1207,1388.6948881530748
TB-SW,0.73,1241,1450.230996780396
TB-SW,0.74,1272,1508.3731463241556
TB-SW,0.75,1316,1586.8969469070435
TB-SW,0.76,1354,1657.6072445297261
TB-SW,0.77,1387,1721.8145143890374
TB-SW,0.78,1424,1793.2067353439347
TB-SW,0.79,1459,1862.574775085448
TB-SW,0.8,1490,1926.6145925521862
TB-SW,0.81,1511,1975.421739730833
TB-SW,0.8200000000000001,1542,2041.215832176209
TB-SW,0.8300000000000001,1577,2114.537244949338
TB-SW,0.84,1612,2188.9339152145385
TB-SW,0.85,1641,2254.2330394744895
TB-SW,0.86,1666,2313.5039413070667
TB-SW,0.87,1703,2394.3616517639175
TB-SW,0.88,1721,2442.9631314086896
TB-SW,0.89,1750,2511.6370096206674
TB-SW,0.9,1765,2556.0532417297336
TB-SW,0.91,1786,2611.804680595398
TB-SW,0.92,1803,2660.8448808288604
TB-SW,0.93,1816,2702.9934195327755
TB-SW,0.9400000000000001,1821,2730.523367156985
TB-SW,0.9500000000000001,1830,2765.799269676207
TB-SW,0.96,1835,2793.6725059509295
TB-SW,0.97,1841,2823.6279578399635
TB-SW,0.98,1844,2847.9023858261116
TB-SW,0.99,1849,2876.2132985687226
TB-SW,1,1851,2898.6986923217773
TB-SW,1.01,1855,2925.265805053714
TB-SW,1.02,1855,2943.81580505371
TB-SW,1.03,1856,2964.4188906478903
TB-SW,1.04,1857,2985.0502999114974
TB-SW,1.05,1859,3007.805760574342
TB-SW,1.06,1860,3028.507896995542
TB-SW,1.07,1860,3047.107896995545
TB-SW,1.08,1860,3065.7078969955414
TB-SW,1.09,1860,3084.307896995544
TB-SW,1.1,1860,3102.907896995547
TB-SW,1.11,1860,3121.5078969955434
TB-SW,1.12,1860,3140.107896995546
TB-SW,1.1300000000000001,1860,3158.707896995543
TB-SW,1.1400000000000001,1860,3177.3078969955454
TB-SW,1.1500000000000001,1860,3195.9078969955417
TB-SW,1.16,1860,3214.507896995545
TB-SW,1.17,1860,3233.1078969955474
TB-SW,1.18,1860,3251.7078969955437
TB-SW,1.19,1860,3270.307896995547
TB-SW,1.2,1860,3288.907896995543
TB-SW,1.21,1860,3307.507896995546
TB-SW,1.22,1860,3326.1078969955424
TB-SW,1.23,1860,3344.707896995545
TB-SW,1.24,1860,3363.3078969955413
TB-SW,1.25,1860,3381.9078969955444
FN-SW,0,1,0
FN-SW,0.01,5,0.06989078521728409
FN-SW,0.02,14,0.4433691787719667
FN-SW,0.03,31,1.5281426239013474
FN-SW,0.04,46,2.962505187988242
FN-SW,0.05,70,5.711444854736378
FN-SW,0.06,83,7.917409400939983
FN-SW,0.07,107,11.992047538757355
FN-SW,0.08,132,16.941009101867685
FN-SW,0.09,148,21.046916313171366
FN-SW,0.1,163,25.43721275329584
FN-SW,0.11,186,31.986539802551164
FN-SW,0.12,211,39.73821479797353
FN-SW,0.13,232,47.20639244079595
FN-SW,0.14,254,55.58444171905532
FN-SW,0.15,275,64.32564163207991
FN-SW,0.16,299,74.63492759704594
FN-SW,0.17,319,84.32363555908245
FN-SW,0.18,343,96.05736850738515
FN-SW,0.19,372,110.38489120483439
FN-SW,0.2,406,127.50915927886933
FN-SW,0.21,452,150.6612462234501
FN-SW,0.22,501,176.49213573455754
FN-SW,0.23,559,207.88100177764917
FN-SW,0.24,612,238.65440357208155
FN-SW,0.25,681,278.9408540725708
FN-SW,0.26,762,327.4697476577771
FN-SW,0.27,831,372.02172100067105
FN-SW,0.28,912,425.30415569305524
FN-SW,0.29,986,477.0453609848014
FN-SW,0.3,1048,523.7666257858284
FN-SW,0.31,1115,575.4270357131944
FN-SW,0.32,1184,630.3712519454959
FN-SW,0.33,1242,680.1708453750589
FN-SW,0.34,1281,718.932439842224
FN-SW,0.35000000000000003,1337,770.6547433853168
FN-SW,0.36,1358,799.0356329727165
FN-SW,0.37,1394,839.0846751022352
FN-SW,0.38,1417,870.3949145889268
FN-SW,0.39,1438,900.8378575515756
FN-SW,0.4,1447,922.370195198057
FN-SW,0.41000000000000003,1458,945.7910788345339
FN-SW,0.42,1463,964.5425548172022
FN-SW,0.43,1469,984.2968491744991
FN-SW,0.44,1472,1001.6028925704975
FN-SW,0.45,1477,1020.8078207015981
FN-SW,0.46,1478,1036.4912165451062
FN-SW,0.47000000000000003,1479,1052.205921058653
FN-SW,0.48,1481,1068.9049452590948
FN-SW,0.49,1481,1083.714945259092
FN-SW,0.5,1481,1098.5249452590942
FN-SW,0.51,1482,1114.3538373184226
FN-SW,0.52,1482,1129.1738373184198
FN-SW,0.53,1482,1143.993837318422
FN-SW,0.54,1482,1158.8138373184192
FN-SW,0.55,1482,1173.6338373184215
FN-SW,0.56,1482,1188.4538373184184
FN-SW,0.5700000000000001,1482,1203.2738373184209
FN-SW,0.58,1482,1218.0938373184179
FN-SW,0.59,1482,1232.9138373184203
FN-SW,0.6,1482,1247.7338373184225
FN-SW,0.61,1482,1262.5538373184195
FN-SW,0.62,1482,1277.373837318422
FN-SW,0.63,1482,1292.193837318419
FN-SW,0.64,1482,1307.0138373184213
FN-SW,0.65,1482,1321.8338373184183
FN-SW,0.66,1482,1336.6538373184205
FN-SW,0.67,1482,1351.473837318423
FN-SW,0.68,1482,1366.29383731842
FN-SW,0.6900000000000001,1482,1381.1138373184224
FN-SW,0.7000000000000001,1482,1395.9338373184194
FN-SW,0.71,1482,1410.7538373184216
FN-SW,0.72,1482,1425.5738373184188
FN-SW,0.73,1482,1440.393837318421
FN-SW,0.74,1482,1455.2138373184182
FN-SW,0.75,1482,1470.0338373184204
FN-SW,0.76,1482,1484.8538373184226
FN-SW,0.77,1482,1499.6738373184198
FN-SW,0.78,1482,1514.493837318422
FN-SW,0.79,1482,1529.3138373184192
FN-SW,0.8,1482,1544.1338373184215
FN-SW,0.81,1482,1558.9538373184184
FN-SW,0.8200000000000001,1482,1573.7738373184209
FN-SW,0.8300000000000001,1482,1588.5938373184179
FN-SW,0.84,1482,1603.4138373184203
FN-SW,0.85,1482,1618.2338373184225
FN-SW,0.86,1482,1633.0538373184195
FN-SW,0.87,1482,1647.873837318422
FN-SW,0.88,1482,1662.693837318419
FN-SW,0.89,1482,1677.5138373184213
FN-SW,0.9,1482,1692.3338373184183
FN-SW,0.91,1482,1707.1538373184205
FN-SW,0.92,1482,1721.973837318423
FN-SW,0.93,1482,1736.79383731842
FN-SW,0.9400000000000001,1482,1751.6138373184224
FN-SW,0.9500000000000001,1482,1766.4338373184194
FN-SW,0.96,1482,1781.2538373184216
FN-SW,0.97,1482,1796.0738373184188
FN-SW,0.98,1482,1810.893837318421
FN-SW,0.99,1482,1825.7138373184182
FN-SW,1,1482,1840.5338373184204
FN-SW,1.01,1482,1855.3538373184226
FN-SW,1.02,1482,1870.1738373184198
FN-SW,1.03,1482,1884.993837318422
FN-SW,1.04,1482,1899.8138373184192
FN-SW,1.05,1482,1914.6338373184215
FN-SW,1.06,1482,1929.4538373184184
FN-SW,1.07,1482,1944.2738373184209
FN-SW,1.08,1482,1959.0938373184179
FN-SW,1.09,1482,1973.9138373184203
FN-SW,1.1,1482,1988.7338373184225
FN-SW,1.11,1482,2003.5538373184195
FN-SW,1.12,1482,2018.373837318422
FN-SW,1.1300000000000001,1482,2033.193837318419
FN-SW,1.1400000000000001,1482,2048.0138373184213
FN-SW,1.1500000000000001,1482,2062.8338373184183
FN-SW,1.16,1482,2077.6538373184208
FN-SW,1.17,1482,2092.4738373184227
FN-SW,1.18,1482,2107.29383731842
FN-SW,1.19,1482,2122.113837318422
FN-SW,1.2,1482,2136.933837318419
FN-SW,1.21,1482,2151.7538373184216
FN-SW,1.22,1482,2166.5738373184186
FN-SW,1.23,1482,2181.393837318421
FN-SW,1.24,1482,2196.213837318418
FN-SW,1.25,1482,2211.0338373184204
ND-SW,0,1,0
ND-SW,0.01,1,0.009999999999999787
ND-SW,0.02,4,0.12841232299804517
ND-SW,0.03,7,0.3369302368164018
ND-SW,0.04,24,1.720128021240214
ND-SW,0.05,65,5.865104675293015
ND-SW,0.06,115,12.29240741729742
ND-SW,0.07,164,20.058668594360398
ND-SW,0.08,214,29.475778694152847
ND-SW,0.09,260,39.68583621978756
ND-SW,0.1,303,50.68513469696034
ND-SW,0.11,353,64.42307289123515
ND-SW,0.12,395,77.83325614929169
ND-SW,0.13,450,95.81221294403112
ND-SW,0.14,492,111.83508003234891
ND-SW,0.15,516,123.80954303741473
ND-SW,0.16,539,136.21327136993415
ND-SW,0.17,555,146.96167144775387
ND-SW,0.18,570,157.815980529785
ND-SW,0.19,581,167.66349090576142
ND-SW,0.2,593,178.21006069183306
ND-SW,0.21,604,188.7076404953008
ND-SW,0.22,618,200.82900806427043
ND-SW,0.23,638,216.10705398559597
ND-SW,0.24,651,228.64917491912857
ND-SW,0.25,663,241.11456203460693
ND-SW,0.26,669,250.8338007354735
ND-SW,0.27,682,264.5000740432736
ND-SW,0.28,693,277.41856197357134
ND-SW,0.29,707,292.410544662475
ND-SW,0.3,716,304.83962326049857
ND-SW,0.31,729,319.9748670959476
ND-SW,0.32,735,331.0705101013186
ND-SW,0.33,751,348.9005900192261
ND-SW,0.34,763,364.5161580276488
ND-SW,0.35000000000000003,772,378.4022514343259
ND-SW,0.36,783,393.9937218475337
ND-SW,0.37,790,406.9711139678949
ND-SW,0.38,801,423.18412578582826
ND-SW,0.39,808,436.62057601928757
ND-SW,0.4,814,449.4633861541751
ND-SW,0.41000000000000003,824,465.7437065505983
ND-SW,0.42,839,486.5205820846557
ND-SW,0.43,852,506.02407871246317
ND-SW,0.44,860,521.5443128585811
ND-SW,0.45,873,541.7902341842645
ND-SW,0.46,881,557.839030036927
ND-SW,0.47000000000000003,887,572.2640510940557
ND-SW,0.48,899,592.5775799942021
ND-SW,0.49,903,605.4692752075197
ND-SW,0.5,909,620.4672374725342
ND-SW,0.51,917,637.6694935989378
ND-SW,0.52,927,657.1902704620358
ND-SW,0.53,939,679.1118315887445
ND-SW,0.54,942,691.7299887466422
ND-SW,0.55,951,711.0029523849494
ND-SW,0.56,962,732.7720839691167
ND-SW,0.5700000000000001,971,752.6108243179324
ND-SW,0.58,981,773.8899063873291
ND-SW,0.59,988,791.9225243759154
ND-SW,0.6,996,811.3731895446774
ND-SW,0.61,1003,829.8456831741328
ND-SW,0.62,1012,851.0020479583733
ND-SW,0.63,1023,874.9404985809334
ND-SW,0.64,1030,894.089212608338
ND-SW,0.65,1037,913.4629285812382
ND-SW,0.66,1051,942.2190267181398
ND-SW,0.67,1058,962.0755752182006
ND-SW,0.68,1067,984.8502641296384
ND-SW,0.6900000000000001,1079,1012.0282619094843
ND-SW,0.7000000000000001,1090,1038.1463994979852
ND-SW,0.71,1098,1060.3739748764046
ND-SW,0.72,1103,1078.535190734864
ND-SW,0.73,1109,1098.2963851165775
ND-SW,0.74,1123,1130.0305075836184
ND-SW,0.75,1136,1160.6904764175415
ND-SW,0.76,1142,1181.1291255187987
ND-SW,0.77,1152,1207.9082088851924
ND-SW,0.78,1162,1234.9801324462883
ND-SW,0.79,1168,1256.0486523818959
ND-SW,0.8,1182,1290.058110809327
ND-SW,0.81,1191,1316.4058980560308
ND-SW,0.8200000000000001,1201,1344.6674225997929
ND-SW,0.8300000000000001,1208,1368.2660585784913
ND-SW,0.84,1217,1395.4172766494748
ND-SW,0.85,1231,1431.324052429199
ND-SW,0.86,1246,1469.3546605682366
ND-SW,0.87,1258,1502.6364812469474
ND-SW,0.88,1272,1539.7763560867318
ND-SW,0.89,1279,1564.9305396652228
ND-SW,0.9,1286,1590.2869285583497
ND-SW,0.91,1298,1624.9394070434573
ND-SW,0.92,1312,1663.605914154053
ND-SW,0.93,1319,1689.7286194992062
ND-SW,0.9400000000000001,1322,1708.5449778366087
ND-SW,0.9500000000000001,1326,1729.3460762023917
ND-SW,0.96,1333,1756.0190769958508
ND-SW,0.97,1336,1775.1517543029788
ND-SW,0.98,1337,1790.4678123092658
ND-SW,0.99,1339,1807.7907689666745
ND-SW,1,1339,1821.1807689666748
ND-SW,1.01,1339,1834.5707689666751
ND-SW,1.02,1341,1852.032841033935
ND-SW,1.03,1344,1871.6069319915769
ND-SW,1.04,1345,1887.1197231292713
ND-SW,1.05,1345,1900.5697231292734
ND-SW,1.06,1345,1914.0197231292725
ND-SW,1.07,1345,1927.4697231292728
ND-SW,1.08,1345,1940.919723129272
ND-SW,1.09,1347,1958.7156109619139
ND-SW,1.1,1347,1972.1856109619143
ND-SW,1.11,1347,1985.6556109619132
ND-SW,1.12,1347,1999.1256109619153
ND-SW,1.1300000000000001,1347,2012.5956109619144
ND-SW,1.1400000000000001,1347,2026.065610961915
ND-SW,1.1500000000000001,1347,2039.5356109619138
ND-SW,1.16,1347,2053.005610961914
ND-SW,1.17,1347,2066.4756109619148
ND-SW,1.18,1347,2079.9456109619136
ND-SW,1.19,1347,2093.4156109619144
ND-SW,1.2,1347,2106.8856109619132
ND-SW,1.21,1347,2120.3556109619153
ND-SW,1.22,1347,2133.825610961914
ND-SW,1.23,1347,2147.2956109619145
ND-SW,1.24,1347,2160.7656109619134
ND-SW,1.25,1347,2174.235610961914
TS-SW,0,1,0
TS-SW,0.01,1,0.009999999999999787
TS-SW,0.02,5,0.15786323547363068
TS-SW,0.03,12,0.5908883666992111
TS-SW,0.04,22,1.4614352035522273
TS-SW,0.05,34,2.8239213943481687
TS-SW,0.06,42,4.076770324707052
TS-SW,0.07,48,5.314765319824232
TS-SW,0.08,58,7.337539329528813
TS-SW,0.09,76,11.06667884826659
TS-SW,0.1,87,13.968208503723114
TS-SW,0.11,101,17.838539466857853
TS-SW,0.12,116,22.38076488494864
TS-SW,0.13,125,25.811749458313088
TS-SW,0.14,132,28.972935180664138
TS-SW,0.15,145,34.140005111694386
TS-SW,0.16,154,38.415379180908225
TS-SW,0.17,166,43.96882316589354
TS-SW,0.18,176,49.178751640319774
TS-SW,0.19,188,55.43067714691153
TS-SW,0.2,205,64.0320196151732
TS-SW,0.21,219,71.9197761917116
TS-SW,0.22,233,80.18974376678482
TS-SW,0.23,249,89.80658771514904
TS-SW,0.24,265,99.88098869323736
TS-SW,0.25,276,107.9820966720581
TS-SW,0.26,283,114.3436232376098
TS-SW,0.27,290,120.91192989349352
TS-SW,0.28,304,131.57438957214336
TS-SW,0.29,318,142.66076824188207
TS-SW,0.3,322,148.2178665161135
TS-SW,0.31,337,160.64880916595476
TS-SW,0.32,345,169.0930351257325
TS-SW,0.33,352,177.13407531738284
TS-SW,0.34,369,192.1154803848266
TS-SW,0.35000000000000003,376,200.6664329528807
TS-SW,0.36,386,211.586902580261
TS-SW,0.37,401,226.47415935516327
TS-SW,0.38,406,234.24830368042024
TS-SW,0.39,419,248.39245811462428
TS-SW,0.4,430,261.3203544616701
TS-SW,0.41000000000000003,440,273.7683166503907
TS-SW,0.42,449,285.67557914733885
TS-SW,0.43,468,306.42600940704335
TS-SW,0.44,474,316.3591781234739
TS-SW,0.45,483,329.1494117736813
TS-SW,0.46,493,343.13395240783734
TS-SW,0.47000000000000003,507,361.1463747406009
TS-SW,0.48,518,376.7298599624636
TS-SW,0.49,528,391.65910026550307
TS-SW,0.5,536,404.8929862976074
TS-SW,0.51,551,425.4797847366332
TS-SW,0.52,564,444.43166854858373
TS-SW,0.53,572,458.5258132553097
TS-SW,0.54,585,478.2156251907344
TS-SW,0.55,605,505.9745540618901
TS-SW,0.56,615,523.178228759766
TS-SW,0.5700000000000001,627,542.9660240554812
TS-SW,0.58,635,558.4803550720216
TS-SW,0.59,643,574.2203131866454
TS-SW,0.6,650,589.0129804611204
TS-SW,0.61,658,605.2243107604977
TS-SW,0.62,667,622.9299011611934
TS-SW,0.63,675,639.6347951889044
TS-SW,0.64,678,650.2061108779911
TS-SW,0.65,685,666.0532226562502
TS-SW,0.66,691,680.7882037734986
TS-SW,0.67,695,693.0289958953857
TS-SW,0.68,698,704.0315395736692
TS-SW,0.6900000000000001,700,713.77047252655
TS-SW,0.7000000000000001,702,723.5642189025874
TS-SW,0.71,704,733.4183243179327
TS-SW,0.72,704,740.4583243179326
TS-SW,0.73,708,753.3193109893801
TS-SW,0.74,709,761.8786870574953
TS-SW,0.75,711,771.949460029602
TS-SW,0.76,711,779.059460029602
TS-SW,0.77,713,789.2394759750363
TS-SW,0.78,714,797.9276856613154
TS-SW,0.79,714,805.0676856613153
TS-SW,0.8,714,812.2076856613164
TS-SW,0.81,715,820.9664501190189
TS-SW,0.8200000000000001,715,828.1164501190187
TS-SW,0.8300000000000001,715,835.2664501190186
TS-SW,0.84,715,842.4164501190185
TS-SW,0.85,715,849.5664501190183
TS-SW,0.86,715,856.7164501190182
TS-SW,0.87,715,863.866450119018
TS-SW,0.88,715,871.016450119019
TS-SW,0.89,715,878.1664501190189
TS-SW,0.9,715,885.3164501190188
TS-SW,0.91,715,892.4664501190186
TS-SW,0.92,715,899.6164501190186
TS-SW,0.93,715,906.7664501190184
TS-SW,0.9400000000000001,715,913.91645011901835
TS-SW,0.9500000000000001,715,921.0664501190181
TS-SW,0.96,715,928.2164501190192
TS-SW,0.97,715,935.3664501190189
TS-SW,0.98,715,942.5164501190188
TS-SW,0.99,715,949.6664501190185
TS-SW,1,715,956.8164501190186
TS-SW,1.01,715,963.9664501190186
TS-SW,1.02,715,971.1164501190183
TS-SW,1.03,715,978.2664501190184
TS-SW,1.04,715,985.4164501190179
TS-SW,1.05,715,992.566450119019
TS-SW,1.06,715,999.7164501190185
TS-SW,1.07,715,1006.8664501190187
TS-SW,1.08,715,1014.0164501190181
TS-SW,1.09,715,1021.1664501190185
TS-SW,1.1,715,1028.3164501190188
TS-SW,1.11,715,1035.4664501190182
TS-SW,1.12,715,1042.6164501190192
TS-SW,1.1300000000000001,715,1049.7664501190186
TS-SW,1.1400000000000001,715,1056.916450119019
TS-SW,1.1500000000000001,715,1064.0664501190183
TS-SW,1.16,715,1071.2164501190186
TS-SW,1.17,715,1078.3664501190192
TS-SW,1.18,715,1085.5164501190184
TS-SW,1.19,715,1092.666450119019
TS-SW,1.2,715,1099.816450119018
TS-SW,1.21,715,1106.966450119019
TS-SW,1.22,715,1114.1164501190183
TS-SW,1.23,715,1121.2664501190188
TS-SW,1.24,715,1128.416450119018
TS-SW,1.25,715,1135.5664501190186
DK-SW,0,1,0
DK-SW,0.01,9,0.1423405075073223
DK-SW,0.02,20,0.609950447082511
DK-SW,0.03,28,1.2588871383666813
DK-SW,0.04,33,1.9207509231567101
DK-SW,0.05,36,2.5348794937134045
DK-SW,0.06,41,3.4621886825561727
DK-SW,0.07,47,4.680459060668959
DK-SW,0.08,51,5.769701080322269
DK-SW,0.09,56,7.15615848541259
DK-SW,0.1,58,8.102129745483378
DK-SW,0.11,64,9.96893218994137
DK-SW,0.12,66,11.078572196960398
DK-SW,0.13,70,12.754026985168512
DK-SW,0.14,78,15.654672546386763
DK-SW,0.15,84,18.19514808654788
DK-SW,0.16,89,20.618757476806653
DK-SW,0.17,92,22.50693096160888
DK-SW,0.18,95,24.48658905029294
DK-SW,0.19,102,28.06332576751704
DK-SW,0.2,113,33.43222389221184
DK-SW,0.21,123,38.712016181945906
DK-SW,0.22,132,43.84719661712655
DK-SW,0.23,151,53.81386993408209
DK-SW,0.24,180,69.0885526657105
DK-SW,0.25,207,84.23606586456299
DK-SW,0.26,240,103.30967941284175
DK-SW,0.27,273,123.34819980621326
DK-SW,0.28,296,138.85427845001203
DK-SW,0.29,311,150.43674701690648
DK-SW,0.3,335,167.85435867309593
DK-SW,0.31,349,179.82386344909685
DK-SW,0.32,369,196.00314720153818
DK-SW,0.33,383,208.8798500442505
DK-SW,0.34,403,226.19803478240962
DK-SW,0.35000000000000003,420,242.0476799011229
DK-SW,0.36,438,259.1348606872556
DK-SW,0.37,458,278.21471591949427
DK-SW,0.38,477,297.1342341995243
DK-SW,0.39,497,317.39428432464626
DK-SW,0.4,516,337.4762529373171
DK-SW,0.41000000000000003,540,362.19130268096933
DK-SW,0.42,562,385.9722462081909
DK-SW,0.43,586,412.1194605636595
DK-SW,0.44,609,438.1202096557614
DK-SW,0.45,627,460.33211078643757
DK-SW,0.46,649,486.72657779693657
DK-SW,0.47000000000000003,666,509.1093363952641
DK-SW,0.48,686,534.8896563339237
DK-SW,0.49,704,559.2893085098268
DK-SW,0.5,720,582.2742195129395
DK-SW,0.51,740,609.7840589523314
DK-SW,0.52,755,632.7007480621335
DK-SW,0.53,775,661.3683958053584
DK-SW,0.54,791,686.3162542724602
DK-SW,0.55,803,707.3641809463506
DK-SW,0.56,815,728.7844881057744
DK-SW,0.5700000000000001,827,750.5514294052126
DK-SW,0.58,840,773.8331758499146
DK-SW,0.59,855,799.8439676284789
DK-SW,0.6,867,822.7403032302853
DK-SW,0.61,871,836.2707486724848
DK-SW,0.62,879,854.8590540695184
DK-SW,0.63,885,871.183883476258
DK-SW,0.64,888,883.8524821472173
DK-SW,0.65,891,896.6113170623782
DK-SW,0.66,895,910.7795812606813
DK-SW,0.67,896,921.0605548095702
DK-SW,0.68,898,932.7314974212644
DK-SW,0.6900000000000001,898,941.7114974212642
DK-SW,0.7000000000000001,898,950.691497421264
DK-SW,0.71,899,961.0864143753059
DK-SW,0.72,900,971.515903472901
DK-SW,0.73,902,983.4229697799686
DK-SW,0.74,902,992.4429697799685
DK-SW,0.75,902,1001.4629697799683
DK-SW,0.76,902,1010.482969779968
DK-SW,0.77,902,1019.5029697799679
DK-SW,0.78,902,1028.5229697799678
DK-SW,0.79,902,1037.5429697799675
DK-SW,0.8,902,1046.5629697799689
DK-SW,0.81,902,1055.5829697799686
DK-SW,0.8200000000000001,902,1064.6029697799686
DK-SW,0.8300000000000001,902,1073.6229697799683
DK-SW,0.84,902,1082.642969779968
DK-SW,0.85,902,1091.6629697799679
DK-SW,0.86,902,1100.6829697799678
DK-SW,0.87,902,1109.7029697799676
DK-SW,0.88,902,1118.722969779969
DK-SW,0.89,902,1127.7429697799687
DK-SW,0.9,902,1136.7629697799687
DK-SW,0.91,902,1145.7829697799684
DK-SW,0.92,902,1154.8029697799682
DK-SW,0.93,902,1163.822969779968
DK-SW,0.9400000000000001,902,1172.842969779968
DK-SW,0.9500000000000001,902,1181.8629697799677
DK-SW,0.96,902,1190.882969779969
DK-SW,0.97,902,1199.9029697799688
DK-SW,0.98,902,1208.9229697799688
DK-SW,0.99,902,1217.9429697799685
DK-SW,1,902,1226.9629697799683
DK-SW,1.01,902,1235.982969779968
DK-SW,1.02,902,1245.0029697799678
DK-SW,1.03,902,1254.0229697799678
DK-SW,1.04,902,1263.0429697799675
DK-SW,1.05,902,1272.0629697799689
DK-SW,1.06,902,1281.0829697799686
DK-SW,1.07,902,1290.1029697799686
DK-SW,1.08,902,1299.1229697799683
DK-SW,1.09,902,1308.142969779968
DK-SW,1.1,902,1317.1629697799679
DK-SW,1.11,902,1326.1829697799678
DK-SW,1.12,902,1335.2029697799692
DK-SW,1.1300000000000001,902,1344.222969779969
DK-SW,1.1400000000000001,902,1353.2429697799687
DK-SW,1.1500000000000001,902,1362.2629697799687
DK-SW,1.16,902,1371.2829697799684
DK-SW,1.17,902,1380.3029697799682
DK-SW,1.18,902,1389.322969779968
DK-SW,1.19,902,1398.342969779968
DK-SW,1.2,902,1407.3629697799677
DK-SW,1.21,902,1416.382969779969
DK-SW,1.22,902,1425.4029697799688
DK-SW,1.23,902,1434.4229697799688
DK-SW,1.24,902,1443.4429697799685
DK-SW,1.25,902,1452.4629697799683
BD-SW,0,1,0
BD-SW,0.01,1,0.009999999999999787
BD-SW,0.02,1,0.019999999999999574
BD-SW,0.03,1,0.02999999999999936
BD-SW,0.04,1,0.03999999999999915
BD-SW,0.05,1,0.05000000000000071
BD-SW,0.06,2,0.17566024780273537
BD-SW,0.07,2,0.19566024780273494
BD-SW,0.08,2,0.21566024780273452
BD-SW,0.09,3,0.40865089416503864
BD-SW,0.1,3,0.438650894165038
BD-SW,0.11,3,0.46865089416503736
BD-SW,0.12,4,0.738345603942868
BD-SW,0.13,5,1.0379756927490273
BD-SW,0.14,6,1.3608463668823276
BD-SW,0.15,7,1.713873672485354
BD-SW,0.16,9,2.416604461669923
BD-SW,0.17,11,3.180250282287597
BD-SW,0.18,14,4.357734222412105
BD-SW,0.19,16,5.247427024841301
BD-SW,0.2,20,6.994742393493638
BD-SW,0.21,26,9.677719078063987
BD-SW,0.22,31,12.115195579528828
BD-SW,0.23,35,14.24443798065187
BD-SW,0.24,37,15.545489196777352
BD-SW,0.25,41,17.886544227600098
BD-SW,0.26,43,19.330856971740715
BD-SW,0.27,46,21.36169521331785
BD-SW,0.28,48,22.92558712005612
BD-SW,0.29,52,25.700908737182573
BD-SW,0.3,54,27.418743324279824
BD-SW,0.31,57,29.807017250061065
BD-SW,0.32,64,34.807841758728046
BD-SW,0.33,71,40.032565765380866
BD-SW,0.34,76,44.13022407531737
BD-SW,0.35000000000000003,80,47.669504165649386
BD-SW,0.36,89,54.896170654296824
BD-SW,0.37,93,58.72074237823479
BD-SW,0.38,97,62.67886291503914
BD-SW,0.39,98,64.42192241668707
BD-SW,0.4,104,70.17793235778812
BD-SW,0.41000000000000003,112,77.71444122314455
BD-SW,0.42,115,81.35027961730957
BD-SW,0.43,117,84.21304756164548
BD-SW,0.44,124,91.49299293518061
BD-SW,0.45,130,98.09507942199699
BD-SW,0.46,143,111.28767612457287
BD-SW,0.47000000000000003,152,121.13728851318369
BD-SW,0.48,161,131.23919322967535
BD-SW,0.49,167,138.69474037170414
BD-SW,0.5,182,155.29904556274414
BD-SW,0.51,192,167.2561778259277
BD-SW,0.52,204,181.58932312011711
BD-SW,0.53,223,203.688921394348
BD-SW,0.54,242,226.3435751724241
BD-SW,0.55,256,244.0841749191286
BD-SW,0.56,269,261.1301256561281
BD-SW,0.5700000000000001,283,279.70640808105475
BD-SW,0.58,292,292.93925415039064
BD-SW,0.59,303,308.78696681976317
BD-SW,0.6,313,323.7627332687377
BD-SW,0.61,327,343.9114072036741
BD-SW,0.62,339,362.0010887908933
BD-SW,0.63,343,370.41132816314723
BD-SW,0.64,347,378.9426575469973
BD-SW,0.65,350,386.2997684478761
BD-SW,0.66,351,391.11704936981204
BD-SW,0.67,351,394.62704936981197
BD-SW,0.68,351,398.1370493698119
BD-SW,0.6900000000000001,351,401.64704936981184
BD-SW,0.7000000000000001,351,405.1570493698118
BD-SW,0.71,351,408.66704936981233
BD-SW,0.72,351,412.1770493698122
BD-SW,0.73,351,415.68704936981214
BD-SW,0.74,351,419.1970493698121
BD-SW,0.75,351,422.707049369812
BD-SW,0.76,351,426.217049369812
BD-SW,0.77,351,429.7270493698119
BD-SW,0.78,351,433.23704936981187
BD-SW,0.79,351,436.7470493698117
BD-SW,0.8,351,440.25704936981225
BD-SW,0.81,351,443.767049369812
BD-SW,0.8200000000000001,351,447.2770493698121
BD-SW,0.8300000000000001,351,450.7870493698118
BD-SW,0.84,351,454.297049369812
BD-SW,0.85,351,457.80704936981215
BD-SW,0.86,351,461.3170493698118
BD-SW,0.87,351,464.8270493698121
BD-SW,0.88,351,468.33704936981195
BD-SW,0.89,351,471.8470493698122
BD-SW,0.9,351,475.35704936981176
BD-SW,0.91,351,478.86704936981204
BD-SW,0.92,351,482.37704936981237
BD-SW,0.93,351,485.8870493698119
BD-SW,0.9400000000000001,351,489.39704936981224
BD-SW,0.9500000000000001,351,492.9070493698118
BD-SW,0.96,351,496.41704936981233
BD-SW,0.97,351,499.9270493698118
BD-SW,0.98,351,503.43704936981214
BD-SW,0.99,351,506.9470493698116
BD-SW,1,351,510.457049369812
BD-SW,1.01,351,513.9670493698125
BD-SW,1.02,351,517.4770493698119
BD-SW,1.03,351,520.9870493698123
BD-SW,1.04,351,524.4970493698117
BD-SW,1.05,351,528.0070493698123
BD-SW,1.06,351,531.5170493698116
BD-SW,1.07,351,535.0270493698121
BD-SW,1.08,351,538.5370493698115
BD-SW,1.09,351,542.0470493698119
BD-SW,1.1,351,545.5570493698125
BD-SW,1.11,351,549.0670493698118
BD-SW,1.12,351,552.5770493698124
BD-SW,1.1300000000000001,351,556.0870493698118
BD-SW,1.1400000000000001,351,559.5970493698122
BD-SW,1.1500000000000001,351,563.1070493698115
BD-SW,1.16,351,566.6170493698121
BD-SW,1.17,351,570.1270493698125
BD-SW,1.18,351,573.637049369812
BD-SW,1.19,351,577.1470493698124
BD-SW,1.2,351,580.6570493698117
BD-SW,1.21,351,584.1670493698123
BD-SW,1.22,351,587.6770493698116
BD-SW,1.23,351,591.1870493698121
BD-SW,1.24,351,594.6970493698115
BD-SW,1.25,351,598.207049369812
TI-SW,0,1,0
TI-SW,0.01,1,0.010000000000001563
TI-SW,0.02,1,0.019999999999999574
TI-SW,0.03,3,0.14667877197265966
TI-SW,0.04,6,0.4059412384033152
TI-SW,0.05,11,0.94059257507325
TI-SW,0.06,19,1.9712702178954835
TI-SW,0.07,50,6.363796234130874
TI-SW,0.08,116,17.118582992553513
TI-SW,0.09,235,39.12678947448727
TI-SW,0.1,411,75.8422523498541
TI-SW,0.11,611,122.97053428649868
TI-SW,0.12,773,167.11495567321853
TI-SW,0.13,933,215.65751747131256
TI-SW,0.14,1074,263.7264913177496
TI-SW,0.15,1160,299.8162651061995
TI-SW,0.16,1252,340.3488238525392
TI-SW,0.17,1317,374.59730400085675
TI-SW,0.18,1391,413.96987617492636
TI-SW,0.19,1473,458.60797035217473
TI-SW,0.2,1525,493.8796768188466
TI-SW,0.21,1586,534.4667783355726
TI-SW,0.22,1632,570.3651037597638
TI-SW,0.23,1673,605.3302660369881
TI-SW,0.24,1722,645.3331864166233
TI-SW,0.25,1770,686.2950325012207
TI-SW,0.26,1817,728.2096575927762
TI-SW,0.27,1866,772.6056731414787
TI-SW,0.28,1899,809.5726477813743
TI-SW,0.29,1935,849.2764705657943
TI-SW,0.3,1982,896.5953193664565
TI-SW,0.31,2034,948.3753137969944
TI-SW,0.32,2078,996.6451596832281
TI-SW,0.33,2112,1039.7091645812952
TI-SW,0.34,2156,1090.5259104156492
TI-SW,0.35000000000000003,2198,1141.266506958011
TI-SW,0.36,2248,1199.0263397979725
TI-SW,0.37,2283,1247.257193527224
TI-SW,0.38,2320,1298.0191780090308
TI-SW,0.39,2358,1350.6655856323255
TI-SW,0.4,2391,1400.4919399261441
TI-SW,0.41000000000000003,2438,1462.6602955627445
TI-SW,0.42,2481,1522.9520487976117
TI-SW,0.43,2517,1578.5283551788323
TI-SW,0.44,2566,1646.5339479827915
TI-SW,0.45,2603,1705.2974086761456
TI-SW,0.46,2646,1770.6776105499291
TI-SW,0.47000000000000003,2684,1832.6536907958953
TI-SW,0.48,2722,1895.805548248292
TI-SW,0.49,2757,1957.1738755035358
TI-SW,0.5,2791,2018.5815391540527
TI-SW,0.51,2822,2077.926171035771
TI-SW,0.52,2850,2135.1181297302232
TI-SW,0.53,2880,2195.2737106323275
TI-SW,0.54,2907,2253.1000206756567
TI-SW,0.55,2928,2305.180340194704
TI-SW,0.56,2948,2356.7384537506064
TI-SW,0.5700000000000001,2968,2408.9082315063483
TI-SW,0.58,2984,2457.086489410395
TI-SW,0.59,3004,2510.409886703491
TI-SW,0.6,3029,2570.3246997833294
TI-SW,0.61,3037,2610.3468554687483
TI-SW,0.62,3045,2650.595684432986
TI-SW,0.63,3050,2687.316627502438
TI-SW,0.64,3054,2722.9172349548357
TI-SW,0.65,3059,2759.9341979980427
TI-SW,0.66,3060,2791.842527008057
TI-SW,0.67,3063,2826.4473218536427
TI-SW,0.68,3064,2858.434098739623
TI-SW,0.6900000000000001,3064,2889.074098739628
TI-SW,0.7000000000000001,3064,2919.714098739622
TI-SW,0.71,3064,2950.354098739627
TI-SW,0.72,3064,2980.9940987396203
TI-SW,0.73,3064,3011.634098739625
TI-SW,0.74,3064,3042.274098739619
TI-SW,0.75,3064,3072.914098739624
TI-SW,0.76,3064,3103.554098739629
TI-SW,0.77,3064,3134.194098739623
TI-SW,0.78,3064,3164.8340987396277
TI-SW,0.79,3064,3195.4740987396212
TI-SW,0.8,3064,3226.114098739626
TI-SW,0.81,3064,3256.75409873962
TI-SW,0.8200000000000001,3064,3287.394098739625
TI-SW,0.8300000000000001,3064,3318.034098739619
TI-SW,0.84,3064,3348.674098739624
TI-SW,0.85,3064,3379.314098739628
TI-SW,0.86,3064,3409.954098739622
TI-SW,0.87,3064,3440.594098739627
TI-SW,0.88,3064,3471.234098739621
TI-SW,0.89,3064,3501.874098739626
TI-SW,0.9,3064,3532.51409873962
TI-SW,0.91,3064,3563.1540987396243
TI-SW,0.92,3064,3593.794098739629
TI-SW,0.93,3064,3624.434098739623
TI-SW,0.9400000000000001,3064,3655.074098739628
TI-SW,0.9500000000000001,3064,3685.714098739622
TI-SW,0.96,3064,3716.354098739627
TI-SW,0.97,3064,3746.9940987396203
TI-SW,0.98,3064,3777.634098739625
TI-SW,0.99,3064,3808.274098739619
TI-SW,1,3064,3838.914098739624
TI-SW,1.01,3064,3869.554098739629
TI-SW,1.02,3064,3900.194098739623
TI-SW,1.03,3064,3930.8340987396277
TI-SW,1.04,3064,3961.4740987396212
TI-SW,1.05,3064,3992.114098739626
TI-SW,1.06,3064,4022.75409873962
TI-SW,1.07,3064,4053.394098739625
TI-SW,1.08,3064,4084.034098739619
TI-SW,1.09,3064,4114.674098739623
TI-SW,1.1,3064,4145.314098739628
TI-SW,1.11,3064,4175.954098739622
TI-SW,1.12,3064,4206.594098739627
TI-SW,1.1300000000000001,3064,4237.234098739621
TI-SW,1.1400000000000001,3064,4267.874098739626
TI-SW,1.1500000000000001,3064,4298.51409873962
TI-SW,1.16,3064,4329.154098739625
TI-SW,1.17,3064,4359.79409873963
TI-SW,1.18,3064,4390.434098739624
TI-SW,1.19,3064,4421.0740987396275
TI-SW,1.2,3064,4451.7140987396215
TI-SW,1.21,3064,4482.354098739626
TI-SW,1.22,3064,4512.99409873962
TI-SW,1.23,3064,4543.634098739625
TI-SW,1.24,3064,4574.274098739619
TI-SW,1.25,3064,4604.914098739624
HB-SW,0,1,0
HB-SW,0.01,3,0.04507377624512188
HB-SW,0.02,6,0.18622695922851307
HB-SW,0.03,7,0.30080696105957827
HB-SW,0.04,8,0.44162017822264943
HB-SW,0.05,8,0.5216201782226619
HB-SW,0.06,9,0.7206735992431526
HB-SW,0.07,11,1.0851988983154328
HB-SW,0.08,13,1.5020990753173606
HB-SW,0.09,17,2.3255303192138648
HB-SW,0.1,22,3.476765823364289
HB-SW,0.11,28,4.975034790039047
HB-SW,0.12,30,5.724528884887725
HB-SW,0.13,37,7.805819091796838
HB-SW,0.14,47,10.915691452026394
HB-SW,0.15,55,13.74048423767082
HB-SW,0.16,63,16.813102798461923
HB-SW,0.17,70,19.7896007537843
HB-SW,0.18,86,26.179237823486304
HB-SW,0.19,94,30.03297935485852
HB-SW,0.2,108,36.513988113403244
HB-SW,0.21,128,45.87665832519542
HB-SW,0.22,140,52.3952358245848
HB-SW,0.23,156,61.093663101196356
HB-SW,0.24,165,66.93297538757298
HB-SW,0.25,177,74.51782035827637
HB-SW,0.26,192,84.00474540710479
HB-SW,0.27,198,89.13712402343742
HB-SW,0.28,215,100.55630798339868
HB-SW,0.29,236,114.76627868652324
HB-SW,0.3,243,121.30308570861834
HB-SW,0.31,253,129.87721221923795
HB-SW,0.32,266,140.66521942138678
HB-SW,0.33,274,148.5773467254634
HB-SW,0.34,286,159.4173586273193
HB-SW,0.35000000000000003,303,174.10280876159712
HB-SW,0.36,318,187.86558578491193
HB-SW,0.37,329,199.1237568664554
HB-SW,0.38,338,209.20029396057095
HB-SW,0.39,347,219.5539170074465
HB-SW,0.4,358,231.7736503601069
HB-SW,0.41000000000000003,369,244.3078661346436
HB-SW,0.42,383,259.69840942382876
HB-SW,0.43,400,278.06990814208973
HB-SW,0.44,411,291.70470031738336
HB-SW,0.45,417,301.1893199920651
HB-SW,0.46,427,314.5154322814945
HB-SW,0.47000000000000003,441,331.8873152923579
HB-SW,0.48,453,347.74810928344743
HB-SW,0.49,463,362.01514732360766
HB-SW,0.5,477,380.5632801055908
HB-SW,0.51,486,394.46345077514724
HB-SW,0.52,509,423.14648025512673
HB-SW,0.53,521,440.9111946868902
HB-SW,0.54,529,454.7134744262691
HB-SW,0.55,540,472.0533866882328
HB-SW,0.56,552,490.83520614623956
HB-SW,0.5700000000000001,563,508.8351003265382
HB-SW,0.58,569,521.3946948242178
HB-SW,0.59,580,539.9997608184814
HB-SW,0.6,592,560.1336452484139
HB-SW,0.61,598,573.3499214935299
HB-SW,0.62,600,581.7947578430181
HB-SW,0.63,605,594.07153930664
HB-SW,0.64,606,601.3990362548832
HB-SW,0.65,606,607.459036254882
HB-SW,0.66,606,613.5190362548828
HB-SW,0.67,606,619.5790362548838
HB-SW,0.68,606,625.6390362548826
HB-SW,0.6900000000000001,606,631.6990362548836
HB-SW,0.7000000000000001,606,637.7590362548824
HB-SW,0.71,606,643.8190362548834
HB-SW,0.72,606,649.8790362548821
HB-SW,0.73,606,655.939036254883
HB-SW,0.74,606,661.9990362548818
HB-SW,0.75,606,668.0590362548828
HB-SW,0.76,606,674.1190362548838
HB-SW,0.77,606,680.1790362548826
HB-SW,0.78,606,686.2390362548836
HB-SW,0.79,606,692.2990362548823
HB-SW,0.8,606,698.3590362548832
HB-SW,0.81,606,704.419036254882
HB-SW,0.8200000000000001,606,710.479036254883
HB-SW,0.8300000000000001,606,716.5390362548818
HB-SW,0.84,606,722.5990362548828
HB-SW,0.85,606,728.6590362548836
HB-SW,0.86,606,734.7190362548824
HB-SW,0.87,606,740.7790362548834
HB-SW,0.88,606,746.8390362548822
HB-SW,0.89,606,752.8990362548832
HB-SW,0.9,606,758.959036254882
HB-SW,0.91,606,765.0190362548828
HB-SW,0.92,606,771.0790362548838
HB-SW,0.93,606,777.1390362548826
HB-SW,0.9400000000000001,606,783.1990362548836
HB-SW,0.9500000000000001,606,789.2590362548824
HB-SW,0.96,606,795.3190362548834
HB-SW,0.97,606,801.3790362548821
HB-SW,0.98,606,807.439036254883
HB-SW,0.99,606,813.4990362548818
HB-SW,1,606,819.5590362548828
HB-SW,1.01,606,825.6190362548838
HB-SW,1.02,606,831.6790362548826
HB-SW,1.03,606,837.7390362548836
HB-SW,1.04,606,843.7990362548823
HB-SW,1.05,606,849.8590362548832
HB-SW,1.06,606,855.919036254882
HB-SW,1.07,606,861.979036254883
HB-SW,1.08,606,868.0390362548818
HB-SW,1.09,606,874.0990362548828
HB-SW,1.1,606,880.1590362548836
HB-SW,1.11,606,886.2190362548824
HB-SW,1.12,606,892.2790362548834
HB-SW,1.1300000000000001,606,898.3390362548822
HB-SW,1.1400000000000001,606,904.3990362548832
HB-SW,1.1500000000000001,606,910.459036254882
HB-SW,1.16,606,916.5190362548828
HB-SW,1.17,606,922.5790362548838
HB-SW,1.18,606,928.6390362548826
HB-SW,1.19,606,934.6990362548836
HB-SW,1.2,606,940.7590362548824
HB-SW,1.21,606,946.8190362548834
HB-SW,1.22,606,952.8790362548821
HB-SW,1.23,606,958.939036254883
HB-SW,1.24,606,964.9990362548818
HB-SW,1.25,606,971.0590362548828
MB-SW,0,1,0
MB-SW,0.01,1,0.010000000000001563
MB-SW,0.02,1,0.019999999999999574
MB-SW,0.03,4,0.1842948150634811
MB-SW,0.04,6,0.369291534423823
MB-SW,0.05,10,0.8141632080078196
MB-SW,0.06,15,1.4978183746337699
MB-SW,0.07,23,2.732158050537116
MB-SW,0.08,30,4.056600952148386
MB-SW,0.09,30,4.356600952148433
MB-SW,0.1,37,6.021020126342826
MB-SW,0.11,46,8.334423599243138
MB-SW,0.12,51,9.953860397338918
MB-SW,0.13,65,14.029116821288998
MB-SW,0.14,75,17.431016921997113
MB-SW,0.15,90,22.597095489501825
MB-SW,0.16,105,28.22851066589357
MB-SW,0.17,120,34.30120315551778
MB-SW,0.18,144,44.02309028625484
MB-SW,0.19,165,53.31626853942892
MB-SW,0.2,198,67.99773178100571
MB-SW,0.21,233,84.51760261535665
MB-SW,0.22,254,95.99726570129366
MB-SW,0.23,284,112.17330963134778
MB-SW,0.24,310,127.37323226928663
MB-SW,0.25,338,144.30864715576172
MB-SW,0.26,370,164.19550056457578
MB-SW,0.27,397,182.34131759643537
MB-SW,0.28,419,198.5229399871831
MB-SW,0.29,448,219.4209288787838
MB-SW,0.3,484,245.34078712463412
MB-SW,0.31,519,271.72430290222104
MB-SW,0.32,548,295.3024381256105
MB-SW,0.33,575,318.46116638183497
MB-SW,0.34,595,337.7139938354491
MB-SW,0.35000000000000003,620,361.01719665527435
MB-SW,0.36,640,381.51611175537073
MB-SW,0.37,655,398.9445129394538
MB-SW,0.38,675,420.60756301879815
MB-SW,0.39,698,445.1726081085209
MB-SW,0.4,719,468.8324466705312
MB-SW,0.41000000000000003,743,495.5795563507081
MB-SW,0.42,762,518.8929186248793
MB-SW,0.43,779,541.0398394775389
MB-SW,0.44,804,570.717275390626
MB-SW,0.45,820,593.0847148895258
MB-SW,0.46,839,618.6642794036873
MB-SW,0.47000000000000003,856,642.949882812499
MB-SW,0.48,869,663.9169665527347
MB-SW,0.49,892,695.0487347412095
MB-SW,0.5,910,721.893461227417
MB-SW,0.51,932,753.3225253295913
MB-SW,0.52,947,778.1718592071529
MB-SW,0.53,973,815.0625261688243
MB-SW,0.54,990,843.0740638732901
MB-SW,0.55,1007,871.5864807128913
MB-SW,0.56,1022,898.3759310913073
MB-SW,0.5700000000000001,1042,931.2748541259768
MB-SW,0.58,1063,965.9762030029278
MB-SW,0.59,1081,997.7679605865477
MB-SW,0.6,1105,1037.2421321868912
MB-SW,0.61,1119,1065.3034342193598
MB-SW,0.62,1141,1103.650543136598
MB-SW,0.63,1163,1142.7005953216542
MB-SW,0.64,1182,1178.5599846649177
MB-SW,0.65,1207,1222.7761066436751
MB-SW,0.66,1231,1266.4338960266116
MB-SW,0.67,1259,1316.0947945404075
MB-SW,0.68,1282,1359.8571832275386
MB-SW,0.6900000000000001,1303,1401.5557006073016
MB-SW,0.7000000000000001,1337,1462.0395092010488
MB-SW,0.71,1363,1512.2138905334484
MB-SW,0.72,1392,1567.4604856872543
MB-SW,0.73,1425,1629.3741607666022
MB-SW,0.74,1463,1699.6980944824195
MB-SW,0.75,1488,1751.719108581543
MB-SW,0.76,1529,1828.7155523681665
MB-SW,0.77,1565,1899.2342632293694
MB-SW,0.78,1601,1970.8879692840594
MB-SW,0.79,1632,2035.7120964813219
MB-SW,0.8,1658,2093.4938415527354
MB-SW,0.81,1680,2145.588125991819
MB-SW,0.8200000000000001,1697,2190.190087356568
MB-SW,0.8300000000000001,1711,2230.3403900909393
MB-SW,0.84,1723,2267.544338531494
MB-SW,0.85,1738,2310.19161872864
MB-SW,0.86,1748,2344.7211182403553
MB-SW,0.87,1756,2376.0878436279313
MB-SW,0.88,1762,2404.1795640563946
MB-SW,0.89,1763,2423.574858016969
MB-SW,0.9,1767,2448.381312179563
MB-SW,0.91,1768,2467.8651665496827
MB-SW,0.92,1768,2485.5451665496857
MB-SW,0.93,1768,2503.225166549682
MB-SW,0.9400000000000001,1768,2520.905166549685
MB-SW,0.9500000000000001,1768,2538.585166549681
MB-SW,0.96,1768,2556.265166549684
MB-SW,0.97,1768,2573.945166549681
MB-SW,0.98,1768,2591.6251665496834
MB-SW,0.99,1768,2609.30516654968
MB-SW,1,1768,2626.9851665496826
MB-SW,1.01,1768,2644.665166549685
MB-SW,1.02,1768,2662.345166549682
MB-SW,1.03,1768,2680.0251665496844
MB-SW,1.04,1768,2697.705166549681
MB-SW,1.05,1768,2715.385166549684
MB-SW,1.06,1768,2733.0651665496803
MB-SW,1.07,1768,2750.7451665496833
MB-SW,1.08,1768,2768.4251665496795
MB-SW,1.09,1768,2786.1051665496825
MB-SW,1.1,1768,2803.785166549685
MB-SW,1.11,1768,2821.4651665496817
MB-SW,1.12,1768,2839.1451665496843
MB-SW,1.1300000000000001,1768,2856.825166549681
MB-SW,1.1400000000000001,1768,2874.5051665496835
MB-SW,1.1500000000000001,1768,2892.18516654968
MB-SW,1.16,1768,2909.8651665496827
MB-SW,1.17,1768,2927.5451665496857
MB-SW,1.18,1768,2945.225166549682
MB-SW,1.19,1768,2962.905166549685
MB-SW,1.2,1768,2980.585166549681
MB-SW,1.21,1768,2998.265166549684
MB-SW,1.22,1768,3015.945166549681
MB-SW,1.23,1768,3033.6251665496834
MB-SW,1.24,1768,3051.30516654968
MB-SW,1.25,1768,3068.9851665496826
OB-SW,0,1,0
OB-SW,0.01,3,0.03995445251465313
OB-SW,0.02,7,0.20494712829589545
OB-SW,0.03,11,0.5027638244629031
OB-SW,0.04,14,0.8365197753906131
OB-SW,0.05,22,1.7422443389892734
OB-SW,0.06,25,2.2992305755614915
OB-SW,0.07,29,3.1013043212890707
OB-SW,0.08,35,4.313603210449159
OB-SW,0.09,39,5.362148056030268
OB-SW,0.1,44,6.7292140960693985
OB-SW,0.11,48,8.033818511962863
OB-SW,0.12,54,9.92379043579107
OB-SW,0.13,61,12.257117919921814
OB-SW,0.14,64,13.691460571289099
OB-SW,0.15,73,16.98363990783681
OB-SW,0.16,77,18.963646240234386
OB-SW,0.17,81,21.076175231933732
OB-SW,0.18,84,22.942866439819312
OB-SW,0.19,93,27.14842788696301
OB-SW,0.2,96,29.269561004638604
OB-SW,0.21,104,33.547700729370206
OB-SW,0.22,110,37.19432563781726
OB-SW,0.23,114,40.10737678527837
OB-SW,0.24,119,43.61206298828107
OB-SW,0.25,130,50.242380142211914
OB-SW,0.26,134,53.60768112182638
OB-SW,0.27,137,56.559387435913024
OB-SW,0.28,147,63.478487167358566
OB-SW,0.29,154,68.98026481628405
OB-SW,0.3,159,73.50017471313488
OB-SW,0.31,163,77.54840209960916
OB-SW,0.32,167,81.71835845947271
OB-SW,0.33,176,89.28104217529267
OB-SW,0.34,178,92.39682533264158
OB-SW,0.35000000000000003,188,101.1270397186282
OB-SW,0.36,193,106.58889434814442
OB-SW,0.37,198,112.20219017028828
OB-SW,0.38,203,117.95348991394023
OB-SW,0.39,213,127.7216914367677
OB-SW,0.4,216,132.23848190307586
OB-SW,0.41000000000000003,224,140.90946563720706
OB-SW,0.42,229,147.33089797973673
OB-SW,0.43,234,153.8928996276855
OB-SW,0.44,241,162.36311820983917
OB-SW,0.45,251,173.72312469482404
OB-SW,0.46,261,185.37906509399437
OB-SW,0.47000000000000003,268,194.5389279937741
OB-SW,0.48,288,216.33046745300305
OB-SW,0.49,312,242.58945930480908
OB-SW,0.5,328,261.60650062561035
OB-SW,0.51,343,280.1265541839605
OB-SW,0.52,357,298.050150527954
OB-SW,0.53,374,319.56325027465863
OB-SW,0.54,379,328.6768457031247
OB-SW,0.55,388,342.2975391387942
OB-SW,0.56,390,348.40698852539015
OB-SW,0.5700000000000001,396,359.12010643005385
OB-SW,0.58,399,366.5482367706292
OB-SW,0.59,402,374.05919616699214
OB-SW,0.6,402,378.07919616699274
OB-SW,0.61,403,383.3191433715818
OB-SW,0.62,403,387.34914337158244
OB-SW,0.63,404,392.6319918823238
OB-SW,0.64,404,396.67199188232445
OB-SW,0.65,404,400.7119918823237
OB-SW,0.66,404,404.75199188232426
OB-SW,0.67,404,408.7919918823249
OB-SW,0.68,404,412.83199188232413
OB-SW,0.6900000000000001,404,416.8719918823247
OB-SW,0.7000000000000001,404,420.91199188232395
OB-SW,0.71,404,424.9519918823246
OB-SW,0.72,404,428.99199188232376
OB-SW,0.73,404,433.0319918823244
OB-SW,0.74,404,437.0719918823236
OB-SW,0.75,404,441.1119918823242
OB-SW,0.76,404,445.15199188232486
OB-SW,0.77,404,449.19199188232403
OB-SW,0.78,404,453.2319918823247
OB-SW,0.79,404,457.27199188232385
OB-SW,0.8,404,461.3119918823245
OB-SW,0.81,404,465.3519918823237
OB-SW,0.8200000000000001,404,469.3919918823243
OB-SW,0.8300000000000001,404,473.43199188232353
OB-SW,0.84,404,477.4719918823242
OB-SW,0.85,404,481.51199188232476
OB-SW,0.86,404,485.551991882324
OB-SW,0.87,404,489.59199188232463
OB-SW,0.88,404,493.6319918823238
OB-SW,0.89,404,497.67199188232445
OB-SW,0.9,404,501.7119918823237
OB-SW,0.91,404,505.75199188232426
OB-SW,0.92,404,509.7919918823249
OB-SW,0.93,404,513.8319918823241
OB-SW,0.9400000000000001,404,517.8719918823248
OB-SW,0.9500000000000001,404,521.911991882324
OB-SW,0.96,404,525.9519918823246
OB-SW,0.97,404,529.9919918823238
OB-SW,0.98,404,534.0319918823244
OB-SW,0.99,404,538.0719918823236
OB-SW,1,404,542.1119918823242
OB-SW,1.01,404,546.1519918823249
OB-SW,1.02,404,550.191991882324
OB-SW,1.03,404,554.2319918823247
OB-SW,1.04,404,558.2719918823238
OB-SW,1.05,404,562.3119918823245
OB-SW,1.06,404,566.3519918823237
OB-SW,1.07,404,570.3919918823243
OB-SW,1.08,404,574.4319918823235
OB-SW,1.09,404,578.4719918823241
OB-SW,1.1,404,582.5119918823248
OB-SW,1.11,404,586.551991882324
OB-SW,1.12,404,590.5919918823246
OB-SW,1.1300000000000001,404,594.6319918823239
OB-SW,1.1400000000000001,404,598.6719918823244
OB-SW,1.1500000000000001,404,602.7119918823237
OB-SW,1.16,404,606.7519918823243
OB-SW,1.17,404,610.791991882325
OB-SW,1.18,404,614.8319918823241
OB-SW,1.19,404,618.8719918823248
OB-SW,1.2,404,622.911991882324
OB-SW,1.21,404,626.9519918823246
OB-SW,1.22,404,630.9919918823238
OB-SW,1.23,404,635.0319918823244
OB-SW,1.24,404,639.0719918823236
OB-SW,1.25,404,643.1119918823242
XB-SW,0,1,0
XB-SW,0.01,3,0.04250267028809063
XB-SW,0.02,8,0.2593671417236294
XB-SW,0.03,12,0.5694612121582168
XB-SW,0.04,14,0.8369470214843631
XB-SW,0.05,17,1.259221649169934
XB-SW,0.06,25,2.3455562591552415
XB-SW,0.07,26,2.7262080383300855
XB-SW,0.08,38,4.846091308593685
XB-SW,0.09,49,7.151275787353509
XB-SW,0.1,59,9.581995391845787
XB-SW,0.11,75,13.615657806396442
XB-SW,0.12,85,16.724780273437585
XB-SW,0.13,92,19.35184570312491
XB-SW,0.14,106,24.128442611694396
XB-SW,0.15,124,30.49313125610334
XB-SW,0.16,138,36.15156753540041
XB-SW,0.17,151,41.89187042236354
XB-SW,0.18,172,50.85131546020503
XB-SW,0.19,181,55.94534744262718
XB-SW,0.2,199,64.87067680358872
XB-SW,0.21,224,77.20884040832539
XB-SW,0.22,247,89.43277725219698
XB-SW,0.23,272,103.26027160644543
XB-SW,0.24,293,115.9607737731929
XB-SW,0.25,307,125.8159408569336
XB-SW,0.26,329,140.21574882507375
XB-SW,0.27,348,153.6666440582274
XB-SW,0.28,376,172.68333938598676
XB-SW,0.29,412,197.1341900634762
XB-SW,0.3,439,217.31073112487823
XB-SW,0.31,465,237.68305816650332
XB-SW,0.32,510,270.9265548706056
XB-SW,0.33,573,317.3334177398672
XB-SW,0.34,615,351.42132530212393
XB-SW,0.35000000000000003,673,397.87232284545996
XB-SW,0.36,703,426.04474266052205
XB-SW,0.37,762,476.44161933899
XB-SW,0.38,822,529.3520940399162
XB-SW,0.39,892,591.7982014465338
XB-SW,0.4,938,637.298724365233
XB-SW,0.41000000000000003,980,680.8842361450197
XB-SW,0.42,1017,721.5774961853044
XB-SW,0.43,1040,751.4118797302243
XB-SW,0.44,1061,780.1752088928237
XB-SW,0.45,1078,806.0138565063469
XB-SW,0.46,1089,826.8479284667978
XB-SW,0.47000000000000003,1096,844.2886286926257
XB-SW,0.48,1098,857.157059707642
XB-SW,0.49,1102,872.025858383177
XB-SW,0.5,1103,884.0403366088867
XB-SW,0.51,1106,898.1064515686053
XB-SW,0.52,1106,909.1664515686031
XB-SW,0.53,1108,922.3289263153089
XB-SW,0.54,1108,933.4089263153066
XB-SW,0.55,1108,944.4889263153084
XB-SW,0.56,1108,955.5689263153062
XB-SW,0.5700000000000001,1108,966.6489263153079
XB-SW,0.58,1108,977.7289263153057
XB-SW,0.59,1108,988.8089263153074
XB-SW,0.6,1108,999.8889263153092
XB-SW,0.61,1108,1010.968926315307
XB-SW,0.62,1108,1022.0489263153087
XB-SW,0.63,1108,1033.1289263153064
XB-SW,0.64,1108,1044.2089263153082
XB-SW,0.65,1108,1055.288926315306
XB-SW,0.66,1108,1066.3689263153078
XB-SW,0.67,1108,1077.4489263153096
XB-SW,0.68,1108,1088.5289263153072
XB-SW,0.6900000000000001,1108,1099.608926315309
XB-SW,0.7000000000000001,1108,1110.6889263153068
XB-SW,0.71,1108,1121.7689263153086
XB-SW,0.72,1108,1132.8489263153065
XB-SW,0.73,1108,1143.928926315308
XB-SW,0.74,1108,1155.0089263153059
XB-SW,0.75,1108,1166.0889263153076
XB-SW,0.76,1108,1177.1689263153094
XB-SW,0.77,1108,1188.2489263153072
XB-SW,0.78,1108,1199.3289263153088
XB-SW,0.79,1108,1210.4089263153066
XB-SW,0.8,1108,1221.4889263153084
XB-SW,0.81,1108,1232.5689263153063
XB-SW,0.8200000000000001,1108,1243.648926315308
XB-SW,0.8300000000000001,1108,1254.7289263153057
XB-SW,0.84,1108,1265.8089263153074
XB-SW,0.85,1108,1276.8889263153092
XB-SW,0.86,1108,1287.968926315307
XB-SW,0.87,1108,1299.0489263153088
XB-SW,0.88,1108,1310.1289263153064
XB-SW,0.89,1108,1321.2089263153082
XB-SW,0.9,1108,1332.288926315306
XB-SW,0.91,1108,1343.3689263153078
XB-SW,0.92,1108,1354.4489263153096
XB-SW,0.93,1108,1365.5289263153072
XB-SW,0.9400000000000001,1108,1376.608926315309
XB-SW,0.9500000000000001,1108,1387.6889263153068
XB-SW,0.96,1108,1398.7689263153086
XB-SW,0.97,1108,1409.8489263153065
XB-SW,0.98,1108,1420.928926315308
XB-SW,0.99,1108,1432.0089263153059
XB-SW,1,1108,1443.0889263153076
XB-SW,1.01,1108,1454.1689263153094
XB-SW,1.02,1108,1465.2489263153072
XB-SW,1.03,1108,1476.3289263153088
XB-SW,1.04,1108,1487.4089263153066
XB-SW,1.05,1108,1498.4889263153084
XB-SW,1.06,1108,1509.5689263153063
XB-SW,1.07,1108,1520.648926315308
XB-SW,1.08,1108,1531.7289263153057
XB-SW,1.09,1108,1542.8089263153074
XB-SW,1.1,1108,1553.8889263153092
XB-SW,1.11,1108,1564.968926315307
XB-SW,1.12,1108,1576.0489263153088
XB-SW,1.1300000000000001,1108,1587.1289263153064
XB-SW,1.1400000000000001,1108,1598.2089263153082
XB-SW,1.1500000000000001,1108,1609.288926315306
XB-SW,1.16,1108,1620.3689263153078
XB-SW,1.17,1108,1631.4489263153096
XB-SW,1.18,1108,1642.5289263153072
XB-SW,1.19,1108,1653.608926315309
XB-SW,1.2,1108,1664.6889263153068
XB-SW,1.21,1108,1675.7689263153086
XB-SW,1.22,1108,1686.8489263153065
XB-SW,1.23,1108,1697.928926315308
XB-SW,1.24,1108,1709.0089263153059
XB-SW,1.25,1108,1720.0889263153076
QB-SW,0,1,0
QB-SW,0.01,3,0.035123138427739065
QB-SW,0.02,5,0.14076576232909943
QB-SW,0.03,9,0.4168944549560649
QB-SW,0.04,17,1.1031567382812355
QB-SW,0.05,32,2.7020126342773665
QB-SW,0.06,71,7.518462905883698
QB-SW,0.07,100,12.121494293212919
QB-SW,0.08,168,23.677928390502643
QB-SW,0.09,315,51.113185501098584
QB-SW,0.1,558,101.73983268737872
QB-SW,0.11,856,171.44772926330518
QB-SW,0.12,1164,252.44399040222282
QB-SW,0.13,1511,352.5358998107895
QB-SW,0.14,1846,459.75267738342393
QB-SW,0.15,2158,570.3178245544403
QB-SW,0.16,2402,668.6241782379154
QB-SW,0.17,2597,757.948030700688
QB-SW,0.18,2819,862.7690161895744
QB-SW,0.19,3060,981.3774265289346
QB-SW,0.2,3295,1104.7488212585426
QB-SW,0.21,3509,1226.462135925296
QB-SW,0.22,3727,1356.3399156951862
QB-SW,0.23,3955,1497.3335117340105
QB-SW,0.24,4172,1639.996388702386
QB-SW,0.25,4365,1777.2609882354736
QB-SW,0.26,4534,1907.956373062141
QB-SW,0.27,4685,2034.0686752319316
QB-SW,0.28,4841,2167.503393630987
QB-SW,0.29,4983,2297.586220092769
QB-SW,0.3,5134,2437.2490264892613
QB-SW,0.31,5303,2592.496963195794
QB-SW,0.32,5478,2756.6212167358412
QB-SW,0.33,5630,2910.9015525817777
QB-SW,0.34,5787,3073.215416030883
QB-SW,0.35000000000000003,5930,3230.5063228607264
QB-SW,0.36,6055,3379.183340835568
QB-SW,0.37,6189,3538.1938683319154
QB-SW,0.38,6306,3688.393908767694
QB-SW,0.39,6411,3832.815669097904
QB-SW,0.4,6543,4001.8744880676177
QB-SW,0.41000000000000003,6663,4165.069171981812
QB-SW,0.42,6775,4325.246206283581
QB-SW,0.43,6909,4507.591227645872
QB-SW,0.44,7019,4672.902375564584
QB-SW,0.45,7156,4865.719214630122
QB-SW,0.46,7267,5038.854164428717
QB-SW,0.47000000000000003,7396,5232.096833343498
QB-SW,0.48,7531,5434.992104415896
QB-SW,0.49,7695,5670.159895706165
QB-SW,0.5,7872,5923.208080291748
QB-SW,0.51,8056,6188.684721527112
QB-SW,0.52,8239,6458.690547256466
QB-SW,0.53,8455,6768.980768585215
QB-SW,0.54,8676,7091.06305030822
QB-SW,0.55,8909,7433.027783584601
QB-SW,0.56,9169,7812.011973037708
QB-SW,0.5700000000000001,9451,8223.848404235843
QB-SW,0.58,9727,8637.087263259871
QB-SW,0.59,10026,9085.716554489134
QB-SW,0.6,10321,9538.422568893448
QB-SW,0.61,10624,10009.785385742181
QB-SW,0.62,10895,10450.706440353404
QB-SW,0.63,11165,10898.480519485462
QB-SW,0.64,11412,11325.01265304566
QB-SW,0.65,11660,11760.25445556639
QB-SW,0.66,11890,12179.258133316041
QB-SW,0.67,12115,12598.47851638796
QB-SW,0.68,12317,12993.36271339416
QB-SW,0.6900000000000001,12535,13416.257418060319
QB-SW,0.7000000000000001,12773,13873.73066673278
QB-SW,0.71,13009,14335.381355896006
QB-SW,0.72,13240,14796.931830215439
QB-SW,0.73,13474,15269.79802276612
QB-SW,0.74,13724,15773.209827194192
QB-SW,0.75,13957,16258.816736221313
QB-SW,0.76,14192,16754.412912292504
QB-SW,0.77,14412,17234.086914291376
QB-SW,0.78,14592,17658.16277099611
QB-SW,0.79,14739,18035.591459808336
QB-SW,0.8,14868,18388.709345245374
QB-SW,0.81,14955,18677.89764289854
QB-SW,0.8200000000000001,15026,18943.527714080814
QB-SW,0.8300000000000001,15064,19156.674489135716
QB-SW,0.84,15090,19350.871308898924
QB-SW,0.85,15110,19535.652673721335
QB-SW,0.86,15127,19715.89674446105
QB-SW,0.87,15132,19875.841632690444
QB-SW,0.88,15133,20028.913929977403
QB-SW,0.89,15135,20183.787348175058
QB-SW,0.9,15136,20336.92763748167
QB-SW,0.91,15136,20488.28763748169
QB-SW,0.92,15138,20643.321896514917
QB-SW,0.93,15138,20794.70189651489
QB-SW,0.9400000000000001,15138,20946.081896514912
QB-SW,0.9500000000000001,15138,21097.46189651488
QB-SW,0.96,15138,21248.841896514907
QB-SW,0.97,15138,21400.221896514875
QB-SW,0.98,15138,21551.601896514898
QB-SW,0.99,15138,21702.98189651487
QB-SW,1,15138,21854.361896514893
QB-SW,1.01,15138,22005.741896514915
QB-SW,1.02,15138,22157.121896514887
QB-SW,1.03,15138,22308.50189651491
QB-SW,1.04,15138,22459.88189651488
QB-SW,1.05,15138,22611.261896514905
QB-SW,1.06,15138,22762.641896514873
QB-SW,1.07,15138,22914.021896514896
QB-SW,1.08,15138,23065.401896514868
QB-SW,1.09,15138,23216.78189651489
QB-SW,1.1,15138,23368.161896514914
QB-SW,1.11,15138,23519.541896514886
QB-SW,1.12,15138,23670.92189651491
QB-SW,1.1300000000000001,15138,23822.301896514877
QB-SW,1.1400000000000001,15138,23973.6818965149
QB-SW,1.1500000000000001,15138,24125.06189651487
QB-SW,1.16,15138,24276.441896514894
QB-SW,1.17,15138,24427.821896514917
QB-SW,1.18,15138,24579.20189651489
QB-SW,1.19,15138,24730.581896514912
QB-SW,1.2,15138,24881.96189651488
QB-SW,1.21,15138,25033.341896514907
QB-SW,1.22,15138,25184.721896514875
QB-SW,1.23,15138,25336.101896514898
QB-SW,1.24,15138,25487.48189651487
QB-SW,1.25,15138,25638.861896514893
DF-SW,0,1,0
DF-SW,0.01,3,0.035123138427739065
DF-SW,0.02,5,0.14076576232909943
DF-SW,0.03,9,0.4168944549560649
DF-SW,0.04,17,1.1031567382812355
DF-SW,0.05,32,2.7020126342773665
DF-SW,0.06,71,7.518462905883698
DF-SW,0.07,100,12.121494293212919
DF-SW,0.08,168,23.677928390502643
DF-SW,0.09,315,51.113185501098584
DF-SW,0.1,558,101.73983268737872
DF-SW,0.11,856,171.44772926330518
DF-SW,0.12,1164,252.44399040222282
DF-SW,0.13,1511,352.5358998107895
DF-SW,0.14,1846,459.75267738342393
DF-SW,0.15,2158,570.3178245544403
DF-SW,0.16,2402,668.6241782379154
DF-SW,0.17,2597,757.948030700688
DF-SW,0.18,2819,862.7690161895744
DF-SW,0.19,3060,981.3774265289346
DF-SW,0.2,3295,1104.7488212585426
DF-SW,0.21,3509,1226.462135925296
DF-SW,0.22,3727,1356.3399156951862
DF-SW,0.23,3955,1497.3335117340105
DF-SW,0.24,4172,1639.996388702386
DF-SW,0.25,4365,1777.2609882354736
DF-SW,0.26,4534,1907.956373062141
DF-SW,0.27,4685,2034.0686752319316
DF-SW,0.28,4841,2167.503393630987
DF-SW,0.29,4983,2297.586220092769
DF-SW,0.3,5134,2437.2490264892613
DF-SW,0.31,5303,2592.496963195794
DF-SW,0.32,5478,2756.6212167358412
DF-SW,0.33,5630,2910.9015525817777
DF-SW,0.34,5787,3073.215416030883
DF-SW,0.35000000000000003,5930,3230.5063228607264
DF-SW,0.36,6055,3379.183340835568
DF-SW,0.37,6189,3538.1938683319154
DF-SW,0.38,6306,3688.393908767694
DF-SW,0.39,6411,3832.815669097904
DF-SW,0.4,6543,4001.8744880676177
DF-SW,0.41000000000000003,6663,4165.069171981812
DF-SW,0.42,6775,4325.246206283581
DF-SW,0.43,6909,4507.591227645872
DF-SW,0.44,7019,4672.902375564584
DF-SW,0.45,7156,4865.719214630122
DF-SW,0.46,7267,5038.854164428717
DF-SW,0.47000000000000003,7396,5232.096833343498
DF-SW,0.48,7531,5434.992104415896
DF-SW,0.49,7695,5670.159895706165
DF-SW,0.5,7872,5923.208080291748
DF-SW,0.51,8056,6188.684721527112
DF-SW,0.52,8239,6458.690547256466
DF-SW,0.53,8455,6768.980768585215
DF-SW,0.54,8676,7091.06305030822
DF-SW,0.55,8909,7433.027783584601
DF-SW,0.56,9169,7812.011973037708
DF-SW,0.5700000000000001,9451,8223.848404235843
DF-SW,0.58,9727,8637.087263259871
DF-SW,0.59,10026,9085.716554489134
DF-SW,0.6,10321,9538.422568893448
DF-SW,0.61,10624,10009.785385742181
DF-SW,0.62,10895,10450.706440353404
DF-SW,0.63,11165,10898.480519485462
DF-SW,0.64,11412,11325.01265304566
DF-SW,0.65,11660,11760.25445556639
DF-SW,0.66,11890,12179.258133316041
DF-SW,0.67,12115,12598.47851638796
DF-SW,0.68,12317,12993.36271339416
DF-SW,0.6900000000000001,12535,13416.257418060319
DF-SW,0.7000000000000001,12773,13873.73066673278
DF-SW,0.71,13009,14335.381355896006
DF-SW,0.72,13240,14796.931830215439
DF-SW,0.73,13474,15269.79802276612
DF-SW,0.74,13724,15773.209827194192
DF-SW,0.75,13957,16258.816736221313
DF-SW,0.76,14192,16754.412912292504
DF-SW,0.77,14412,17234.086914291376
DF-SW,0.78,14592,17658.16277099611
DF-SW,0.79,14739,18035.591459808336
DF-SW,0.8,14868,18388.709345245374
DF-SW,0.81,14955,18677.89764289854
DF-SW,0.8200000000000001,15026,18943.527714080814
DF-SW,0.8300000000000001,15064,19156.674489135716
DF-SW,0.84,15090,19350.871308898924
DF-SW,0.85,15110,19535.652673721335
DF-SW,0.86,15127,19715.89674446105
DF-SW,0.87,15132,19875.841632690444
DF-SW,0.88,15133,20028.913929977403
DF-SW,0.89,15135,20183.787348175058
DF-SW,0.9,15136,20336.92763748167
DF-SW,0.91,15136,20488.28763748169
DF-SW,0.92,15138,20643.321896514917
DF-SW,0.93,15138,20794.70189651489
DF-SW,0.9400000000000001,15138,20946.081896514912
DF-SW,0.9500000000000001,15138,21097.46189651488
DF-SW,0.96,15138,21248.841896514907
DF-SW,0.97,15138,21400.221896514875
DF-SW,0.98,15138,21551.601896514898
DF-SW,0.99,15138,21702.98189651487
DF-SW,1,15138,21854.361896514893
DF-SW,1.01,15138,22005.741896514915
DF-SW,1.02,15138,22157.121896514887
DF-SW,1.03,15138,22308.50189651491
DF-SW,1.04,15138,22459.88189651488
DF-SW,1.05,15138,22611.261896514905
DF-SW,1.06,15138,22762.641896514873
DF-SW,1.07,15138,22914.021896514896
DF-SW,1.08,15138,23065.401896514868
DF-SW,1.09,15138,23216.78189651489
DF-SW,1.1,15138,23368.161896514914
DF-SW,1.11,15138,23519.541896514886
DF-SW,1.12,15138,23670.92189651491
DF-SW,1.1300000000000001,15138,23822.301896514877
DF-SW,1.1400000000000001,15138,23973.6818965149
DF-SW,1.1500000000000001,15138,24125.06189651487
DF-SW,1.16,15138,24276.441896514894
DF-SW,1.17,15138,24427.821896514917
DF-SW,1.18,15138,24579.20189651489
DF-SW,1.19,15138,24730.581896514912
DF-SW,1.2,15138,24881.96189651488
DF-SW,1.21,15138,25033.341896514907
DF-SW,1.22,15138,25184.721896514875
DF-SW,1.23,15138,25336.101896514898
DF-SW,1.24,15138,25487.48189651487
DF-SW,1.25,15138,25638.861896514893
